Timestamp,RPM,Speed,Throttle,BrakePressure,Gear,OilPressure,EngineTemp,BatteryVoltage,EngineOn
0,6,0,3,0,1,20,1,140,1
10,18,0,6,0,1,20,2,140,1
20,36,0,9,0,1,20,3,140,1
30,60,0,12,0,1,20,4,140,1
40,90,0,15,0,1,20,5,140,1
50,126,1,18,0,1,21,6,140,1
60,168,1,21,0,1,21,7,140,1
70,216,2,24,0,1,22,8,140,1
80,270,2,27,0,1,22,9,140,1
90,330,3,30,0,1,23,10,140,1
100,396,3,33,0,1,23,11,140,1
110,468,4,36,0,1,24,12,140,1
120,546,5,39,0,1,25,13,140,1
130,630,6,42,0,1,26,14,140,1
140,720,7,45,0,1,27,15,140,1
150,816,8,48,0,2,28,16,140,1
160,918,9,51,0,2,29,17,140,1
170,1026,10,54,0,2,30,18,140,1
180,1140,11,57,0,2,31,19,140,1
190,1260,12,60,0,2,32,20,140,1
200,1386,13,63,0,2,33,21,140,1
210,1518,14,66,0,2,35,22,140,1
220,1656,15,69,0,2,36,23,140,1
230,1800,16,72,0,2,38,24,140,1
240,1950,17,75,0,2,39,25,140,1
250,2106,18,78,0,2,41,26,140,1
260,2268,19,81,0,2,42,27,140,1
270,2436,20,84,0,2,44,28,140,1
280,2610,21,87,0,3,46,29,140,1
290,2790,22,90,0,3,47,30,140,1
300,2976,23,93,0,3,49,31,140,1
310,3168,24,96,0,3,51,32,140,1
320,3366,25,99,0,3,53,33,140,1
330,3570,26,102,0,3,55,34,140,1
340,3774,27,102,0,3,57,35,140,1
350,3978,28,102,0,3,59,36,140,1
360,4182,29,102,0,4,61,37,140,1
370,4386,30,102,0,4,63,38,140,1
380,4590,31,102,0,4,65,39,140,1
390,4794,32,102,0,4,67,40,140,1
400,4998,33,102,0,4,69,41,140,1
410,5202,34,102,0,4,72,43,140,1
420,5406,35,102,0,4,74,45,140,1
430,5610,36,102,0,5,76,47,140,1
440,5814,37,102,0,5,78,49,140,1
450,6018,38,102,0,5,80,51,140,1
460,6222,39,102,0,5,82,53,140,1
470,6426,40,102,0,5,84,55,140,1
480,6630,41,102,0,5,86,57,140,1
490,6834,42,102,0,5,88,59,140,1
500,7000,43,102,0,5,90,61,140,1
510,7000,44,102,0,5,90,63,140,1
520,7000,45,102,0,5,90,65,140,1
530,7000,46,102,0,5,90,67,140,1
540,7000,47,102,0,5,90,69,140,1
550,7000,48,102,0,5,90,71,140,1
560,7000,49,102,0,5,90,73,140,1
570,7000,50,102,0,5,90,75,140,1
580,7000,51,102,0,5,90,77,140,1
590,7000,52,102,0,5,90,79,140,1
600,7000,53,102,0,5,90,81,140,1
610,7000,54,102,0,5,90,83,140,1
620,7000,55,102,0,5,90,85,140,1
630,7000,56,102,0,5,90,87,140,1
640,7000,57,102,0,5,90,89,140,1
650,7000,58,102,0,5,90,91,140,1
660,7000,59,102,0,5,90,93,140,1
670,7000,60,102,0,5,90,95,140,1
680,7000,61,102,0,5,90,97,140,1
690,7000,62,102,0,5,90,99,140,1
700,7000,63,102,0,5,90,101,140,1
710,7000,64,102,0,5,90,103,140,1
720,7000,65,102,0,5,90,105,140,1
730,7000,66,102,0,5,90,107,140,1
740,7000,67,102,0,5,90,109,140,1
750,7000,68,102,0,5,90,111,140,1
760,7000,69,102,0,5,90,111,140,1
770,7000,70,102,0,5,90,111,140,1
780,7000,70,102,0,5,90,111,140,1
790,7000,70,102,0,5,90,111,140,1
800,7000,70,102,0,5,90,111,140,1
810,7000,70,102,0,5,90,111,140,1
820,7000,70,102,0,5,90,111,140,1
830,7000,70,102,0,5,90,111,140,1
840,7000,70,102,0,5,90,111,140,1
850,7000,70,102,0,5,90,111,140,1
860,7000,70,102,0,5,90,111,140,1
870,7000,70,102,0,5,90,111,140,1
880,7000,70,102,0,5,90,111,140,1
890,7000,70,102,0,5,90,111,140,1
900,7000,70,102,0,5,90,111,140,1
910,7000,70,102,0,5,90,111,140,1
920,7000,70,102,0,5,90,111,140,1
930,7000,70,102,0,5,90,111,140,1
940,7000,70,102,0,5,90,111,140,1
950,7000,70,102,0,5,90,111,140,1
960,7000,70,102,0,5,90,111,140,1
970,7000,70,102,0,5,90,111,140,1
980,7000,70,102,0,5,90,111,140,1
990,7000,70,102,0,5,90,111,140,1
1000,7000,63,97,20,5,90,111,140,1
1010,7000,51,92,40,5,90,111,140,1
1020,7000,36,87,60,5,90,111,140,1
1030,7000,22,82,80,5,90,111,140,1
1040,7000,20,77,100,5,90,111,140,1
1050,7000,20,72,100,5,90,111,140,1
1060,7000,20,67,100,5,90,111,140,1
1070,7000,20,62,100,5,90,111,140,1
1080,7000,20,57,100,5,90,111,140,1
1090,7000,20,52,100,5,90,111,140,1
1100,7000,20,47,100,5,90,111,140,1
1110,7000,20,42,100,5,90,111,140,1
1120,7000,20,37,100,5,90,111,140,1
1130,7000,20,32,100,5,90,111,140,1
1140,7000,20,27,100,5,90,111,140,1
1150,7000,20,22,100,5,90,111,140,1
1160,7000,20,17,100,5,90,111,140,1
1170,7000,20,12,100,5,90,111,140,1
1180,7000,20,7,100,5,90,111,140,1
1190,7000,20,2,100,5,90,111,140,1
1200,7000,20,100,100,5,90,111,140,1
1210,7000,20,95,100,5,90,111,140,1
1220,7000,20,90,100,5,90,111,140,1
1230,7000,20,85,100,5,90,111,140,1
1240,7000,20,80,100,5,90,111,140,1
1250,7000,20,75,100,5,90,111,140,1
1260,7000,20,70,100,5,90,111,140,1
1270,7000,20,65,100,5,90,111,140,1
1280,7000,20,60,100,5,90,111,140,1
1290,7000,20,55,100,5,90,111,140,1
1300,7000,20,50,100,5,90,111,140,1
1310,7000,20,45,100,5,90,111,140,1
1320,7000,20,40,100,5,90,111,140,1
1330,7000,20,35,100,5,90,111,140,1
1340,7000,20,30,100,5,90,111,140,1
1350,7000,20,25,100,5,90,111,140,1
1360,7000,20,20,100,5,90,111,140,1
1370,7000,20,15,100,5,90,111,140,1
1380,7000,20,10,100,5,90,111,140,1
1390,7000,20,5,100,5,90,111,140,1
1400,6900,20,0,100,5,89,111,140,1
1410,6800,20,0,100,5,88,111,140,1
1420,6700,20,0,100,5,87,111,140,1
1430,6600,20,0,100,5,86,111,140,1
1440,6500,20,0,100,5,85,111,140,1
1450,6400,20,0,100,5,84,111,140,1
1460,6300,20,0,100,5,83,111,140,1
1470,6200,20,0,100,5,82,111,140,1
1480,6100,20,0,100,5,81,111,140,1
1490,6000,20,0,100,5,80,111,140,1
1500,5900,20,0,100,5,79,111,140,1
1510,5800,20,0,100,5,78,111,140,1
1520,5700,20,0,100,5,77,111,140,1
1530,5600,20,0,100,5,76,111,140,1
1540,5500,20,0,100,5,75,111,140,1
1550,5400,20,0,100,4,74,111,140,1
1560,5300,20,0,100,4,73,111,140,1
1570,5200,20,0,100,4,72,111,140,1
1580,5100,20,0,100,4,71,111,140,1
1590,5000,20,0,100,4,70,111,140,1
1600,4900,20,0,100,4,69,111,140,1
1610,4800,20,0,100,4,68,111,140,1
1620,4700,20,0,100,4,67,111,140,1
1630,4600,20,0,100,4,66,111,140,1
1640,4500,20,0,100,4,65,111,140,1
1650,4400,20,0,100,4,64,111,140,1
1660,4300,20,0,100,4,63,111,140,1
1670,4200,20,0,100,4,62,111,140,1
1680,4100,20,0,100,4,61,111,140,1
1690,4000,20,0,100,4,60,111,140,1
1700,3900,20,0,100,3,59,111,140,1
1710,3800,20,0,100,3,58,111,140,1
1720,3700,20,0,100,3,57,111,140,1
1730,3600,20,0,100,3,56,111,140,1
1740,3500,20,0,100,3,55,111,140,1
1750,3400,20,0,100,3,54,111,140,1
1760,3300,20,0,100,3,53,111,140,1
1770,3200,20,0,100,3,52,111,140,1
1780,3100,20,0,100,3,51,111,140,1
1790,3000,20,0,100,3,50,111,140,1
1800,2900,20,0,100,3,49,111,140,1
1810,2800,20,0,100,3,48,111,140,1
1820,2700,20,0,100,3,47,111,140,1
1830,2600,20,0,100,3,46,111,140,1
1840,2500,20,0,100,3,45,111,140,1
1850,2400,20,0,100,2,44,111,140,1
1860,2300,20,0,100,2,43,111,140,1
1870,2200,20,0,100,2,42,111,140,1
1880,2100,20,0,100,2,41,111,140,1
1890,2000,20,0,100,2,40,111,140,1
1900,1900,20,0,100,2,39,111,140,1
1910,1800,20,0,100,2,38,111,140,1
1920,1700,20,0,100,2,37,111,140,1
1930,1600,20,0,100,2,36,111,140,1
1940,1500,20,0,100,2,35,111,140,1
1950,1400,20,0,100,2,34,111,140,1
1960,1300,20,0,100,2,33,111,140,1
1970,1200,20,0,100,2,32,111,140,1
1980,1100,20,0,100,2,31,111,140,1
1990,1000,20,0,100,2,30,111,140,1
2000,900,20,0,90,2,29,111,140,1
2010,800,20,0,80,2,28,111,140,1
2020,800,20,0,70,2,28,111,140,1
2030,800,20,0,60,2,28,111,140,1
2040,800,20,0,50,2,28,111,140,1
2050,800,20,0,40,2,28,111,140,1
2060,800,20,0,30,2,28,111,140,1
2070,800,20,0,20,2,28,111,140,1
2080,800,20,0,10,2,28,111,140,1
2090,800,20,0,0,2,28,111,140,1
2100,800,20,0,0,2,28,111,140,1
2110,806,19,3,0,2,28,111,140,1
2120,818,18,6,0,2,28,111,140,1
2130,836,17,9,0,2,28,111,140,1
2140,860,16,12,0,2,28,111,140,1
2150,890,15,15,0,2,28,111,140,1
2160,926,14,18,0,2,29,111,140,1
2170,968,13,21,0,2,29,111,140,1
2180,1016,12,24,0,2,30,111,140,1
2190,1070,11,27,0,2,30,111,140,1
2200,1130,11,30,0,2,31,111,140,1
2210,1196,11,33,0,2,31,111,140,1
2220,1268,12,36,0,2,32,111,140,1
2230,1346,13,39,0,2,33,111,140,1
2240,1430,14,42,0,2,34,111,140,1
2250,1520,15,45,0,2,35,111,140,1
2260,1616,16,48,0,2,36,111,140,1
2270,1718,17,51,0,2,37,111,140,1
2280,1826,18,54,0,2,38,111,140,1
2290,1940,19,57,0,2,39,111,140,1
2300,2060,20,60,0,2,40,111,140,1
2310,2186,21,63,0,2,41,111,140,1
2320,2318,22,66,0,2,43,111,140,1
2330,2456,23,69,0,2,44,111,140,1
2340,2600,24,72,0,3,46,111,140,1
2350,2750,25,75,0,3,47,111,140,1
2360,2906,26,78,0,3,49,111,140,1
2370,3068,27,81,0,3,50,111,140,1
2380,3236,28,84,0,3,52,111,140,1
2390,3410,29,87,0,3,54,111,140,1
2400,3590,30,90,0,3,55,111,140,1
2410,3776,31,93,0,3,57,111,140,1
2420,3968,32,96,0,3,59,111,140,1
2430,4166,33,99,0,4,61,111,140,1
2440,4370,34,102,0,4,63,111,140,1
2450,4574,35,102,0,4,65,111,140,1
2460,4778,36,102,0,4,67,111,140,1
2470,4982,37,102,0,4,69,111,140,1
2480,5186,38,102,0,4,71,111,140,1
2490,5390,39,102,0,4,73,111,140,1
2500,5594,40,102,0,5,75,111,140,1
2510,5798,41,102,0,5,77,111,140,1
2520,6002,42,102,0,5,80,111,140,1
2530,6206,43,102,0,5,82,111,140,1
2540,6410,44,102,0,5,84,111,140,1
2550,6614,45,102,0,5,86,111,140,1
2560,6818,46,102,0,5,88,111,140,1
2570,7000,47,102,0,5,90,111,140,1
2580,7000,48,102,0,5,90,111,140,1
2590,7000,49,102,0,5,90,111,140,1
2600,7000,50,102,0,5,90,111,140,1
2610,7000,51,102,0,5,90,111,140,1
2620,7000,52,102,0,5,90,111,140,1
2630,7000,53,102,0,5,90,111,140,1
2640,7000,54,102,0,5,90,111,140,1
2650,7000,55,102,0,5,90,111,140,1
2660,7000,56,102,0,5,90,111,140,1
2670,7000,57,102,0,5,90,111,140,1
2680,7000,58,102,0,5,90,111,140,1
2690,7000,59,102,0,5,90,111,140,1
2700,7000,60,102,0,5,90,111,140,1
2710,7000,61,102,0,5,90,111,140,1
2720,7000,62,102,0,5,90,111,140,1
2730,7000,63,102,0,5,90,111,140,1
2740,7000,64,102,0,5,90,111,140,1
2750,7000,65,102,0,5,90,111,140,1
2760,7000,66,102,0,5,90,111,140,1
2770,7000,67,102,0,5,90,111,140,1
2780,7000,68,102,0,5,90,111,140,1
2790,7000,69,102,0,5,90,111,140,1
2800,7000,70,102,0,5,90,111,140,1
2810,7000,70,102,0,5,90,111,140,1
2820,7000,70,102,0,5,90,111,140,1
2830,7000,70,102,0,5,90,111,140,1
2840,7000,70,102,0,5,90,111,140,1
2850,7000,70,102,0,5,90,111,140,1
2860,7000,70,102,0,5,90,111,140,1
2870,7000,70,102,0,5,90,111,140,1
2880,7000,70,102,0,5,90,111,140,1
2890,7000,70,102,0,5,90,111,140,1
2900,7000,70,102,0,5,90,111,140,1
2910,7000,70,102,0,5,90,111,140,1
2920,7000,70,102,0,5,90,111,140,1
2930,7000,70,102,0,5,90,111,140,1
2940,7000,70,102,0,5,90,111,140,1
2950,7000,70,102,0,5,90,111,140,1
2960,7000,70,102,0,5,90,111,140,1
2970,7000,70,102,0,5,90,111,140,1
2980,7000,70,102,0,5,90,111,140,1
2990,7000,70,102,0,5,90,111,140,1
3000,7000,63,97,20,5,90,111,140,1
3010,7000,51,92,40,5,90,111,140,1
3020,7000,36,87,60,5,90,111,140,1
3030,7000,22,82,80,5,90,111,140,1
3040,7000,20,77,100,5,90,111,140,1
3050,7000,20,72,100,5,90,111,140,1
3060,7000,20,67,100,5,90,111,140,1
3070,7000,20,62,100,5,90,111,140,1
3080,7000,20,57,100,5,90,111,140,1
3090,7000,20,52,100,5,90,111,140,1
3100,7000,20,47,100,5,90,111,140,1
3110,7000,20,42,100,5,90,111,140,1
3120,7000,20,37,100,5,90,111,140,1
3130,7000,20,32,100,5,90,111,140,1
3140,7000,20,27,100,5,90,111,140,1
3150,7000,20,22,100,5,90,111,140,1
3160,7000,20,17,100,5,90,111,140,1
3170,7000,20,12,100,5,90,111,140,1
3180,7000,20,7,100,5,90,111,140,1
3190,7000,20,2,100,5,90,111,140,1
3200,7000,20,100,100,5,90,111,140,1
3210,7000,20,95,100,5,90,111,140,1
3220,7000,20,90,100,5,90,111,140,1
3230,7000,20,85,100,5,90,111,140,1
3240,7000,20,80,100,5,90,111,140,1
3250,7000,20,75,100,5,90,111,140,1
3260,7000,20,70,100,5,90,111,140,1
3270,7000,20,65,100,5,90,111,140,1
3280,7000,20,60,100,5,90,111,140,1
3290,7000,20,55,100,5,90,111,140,1
3300,7000,20,50,100,5,90,111,140,1
3310,7000,20,45,100,5,90,111,140,1
3320,7000,20,40,100,5,90,111,140,1
3330,7000,20,35,100,5,90,111,140,1
3340,7000,20,30,100,5,90,111,140,1
3350,7000,20,25,100,5,90,111,140,1
3360,7000,20,20,100,5,90,111,140,1
3370,7000,20,15,100,5,90,111,140,1
3380,7000,20,10,100,5,90,111,140,1
3390,7000,20,5,100,5,90,111,140,1
3400,6900,20,0,100,5,89,111,140,1
3410,6800,20,0,100,5,88,111,140,1
3420,6700,20,0,100,5,87,111,140,1
3430,6600,20,0,100,5,86,111,140,1
3440,6500,20,0,100,5,85,111,140,1
3450,6400,20,0,100,5,84,111,140,1
3460,6300,20,0,100,5,83,111,140,1
3470,6200,20,0,100,5,82,111,140,1
3480,6100,20,0,100,5,81,111,140,1
3490,6000,20,0,100,5,80,111,140,1
3500,5900,20,0,100,5,79,111,140,1
3510,5800,20,0,100,5,78,111,140,1
3520,5700,20,0,100,5,77,111,140,1
3530,5600,20,0,100,5,76,111,140,1
3540,5500,20,0,100,5,75,111,140,1
3550,5400,20,0,100,4,74,111,140,1
3560,5300,20,0,100,4,73,111,140,1
3570,5200,20,0,100,4,72,111,140,1
3580,5100,20,0,100,4,71,111,140,1
3590,5000,20,0,100,4,70,111,140,1
3600,4900,20,0,100,4,69,111,140,1
3610,4800,20,0,100,4,68,111,140,1
3620,4700,20,0,100,4,67,111,140,1
3630,4600,20,0,100,4,66,111,140,1
3640,4500,20,0,100,4,65,111,140,1
3650,4400,20,0,100,4,64,111,140,1
3660,4300,20,0,100,4,63,111,140,1
3670,4200,20,0,100,4,62,111,140,1
3680,4100,20,0,100,4,61,111,140,1
3690,4000,20,0,100,4,60,111,140,1
3700,3900,20,0,100,3,59,111,140,1
3710,3800,20,0,100,3,58,111,140,1
3720,3700,20,0,100,3,57,111,140,1
3730,3600,20,0,100,3,56,111,140,1
3740,3500,20,0,100,3,55,111,140,1
3750,3400,20,0,100,3,54,111,140,1
3760,3300,20,0,100,3,53,111,140,1
3770,3200,20,0,100,3,52,111,140,1
3780,3100,20,0,100,3,51,111,140,1
3790,3000,20,0,100,3,50,111,140,1
3800,2900,20,0,100,3,49,111,140,1
3810,2800,20,0,100,3,48,111,140,1
3820,2700,20,0,100,3,47,111,140,1
3830,2600,20,0,100,3,46,111,140,1
3840,2500,20,0,100,3,45,111,140,1
3850,2400,20,0,100,2,44,111,140,1
3860,2300,20,0,100,2,43,111,140,1
3870,2200,20,0,100,2,42,111,140,1
3880,2100,20,0,100,2,41,111,140,1
3890,2000,20,0,100,2,40,111,140,1
3900,1900,20,0,100,2,39,111,140,1
3910,1800,20,0,100,2,38,111,140,1
3920,1700,20,0,100,2,37,111,140,1
3930,1600,20,0,100,2,36,111,140,1
3940,1500,20,0,100,2,35,111,140,1
3950,1400,20,0,100,2,34,111,140,1
3960,1300,20,0,100,2,33,111,140,1
3970,1200,20,0,100,2,32,111,140,1
3980,1100,20,0,100,2,31,111,140,1
3990,1000,20,0,100,2,30,111,140,1
4000,900,20,0,90,2,29,111,140,1
4010,800,20,0,80,2,28,111,140,1
4020,800,20,0,70,2,28,111,140,1
4030,800,20,0,60,2,28,111,140,1
4040,800,20,0,50,2,28,111,140,1
4050,800,20,0,40,2,28,111,140,1
4060,800,20,0,30,2,28,111,140,1
4070,800,20,0,20,2,28,111,140,1
4080,800,20,0,10,2,28,111,140,1
4090,800,20,0,0,2,28,111,140,1
4100,800,20,0,0,2,28,111,140,1
4110,806,19,3,0,2,28,111,140,1
4120,818,18,6,0,2,28,111,140,1
4130,836,17,9,0,2,28,111,140,1
4140,860,16,12,0,2,28,111,140,1
4150,890,15,15,0,2,28,111,140,1
4160,926,14,18,0,2,29,111,140,1
4170,968,13,21,0,2,29,111,140,1
4180,1016,12,24,0,2,30,111,140,1
4190,1070,11,27,0,2,30,111,140,1
4200,1130,11,30,0,2,31,111,140,1
4210,1196,11,33,0,2,31,111,140,1
4220,1268,12,36,0,2,32,111,140,1
4230,1346,13,39,0,2,33,111,140,1
4240,1430,14,42,0,2,34,111,140,1
4250,1520,15,45,0,2,35,111,140,1
4260,1616,16,48,0,2,36,111,140,1
4270,1718,17,51,0,2,37,111,140,1
4280,1826,18,54,0,2,38,111,140,1
4290,1940,19,57,0,2,39,111,140,1
4300,2060,20,60,0,2,40,111,140,1
4310,2186,21,63,0,2,41,111,140,1
4320,2318,22,66,0,2,43,111,140,1
4330,2456,23,69,0,2,44,111,140,1
4340,2600,24,72,0,3,46,111,140,1
4350,2750,25,75,0,3,47,111,140,1
4360,2906,26,78,0,3,49,111,140,1
4370,3068,27,81,0,3,50,111,140,1
4380,3236,28,84,0,3,52,111,140,1
4390,3410,29,87,0,3,54,111,140,1
4400,3590,30,90,0,3,55,111,140,1
4410,3776,31,93,0,3,57,111,140,1
4420,3968,32,96,0,3,59,111,140,1
4430,4166,33,99,0,4,61,111,140,1
4440,4370,34,102,0,4,63,111,140,1
4450,4574,35,102,0,4,65,111,140,1
4460,4778,36,102,0,4,67,111,140,1
4470,4982,37,102,0,4,69,111,140,1
4480,5186,38,102,0,4,71,111,140,1
4490,5390,39,102,0,4,73,111,140,1
4500,5594,40,102,0,5,75,111,140,1
4510,5798,41,102,0,5,77,111,140,1
4520,6002,42,102,0,5,80,111,140,1
4530,6206,43,102,0,5,82,111,140,1
4540,6410,44,102,0,5,84,111,140,1
4550,6614,45,102,0,5,86,111,140,1
4560,6818,46,102,0,5,88,111,140,1
4570,7000,47,102,0,5,90,111,140,1
4580,7000,48,102,0,5,90,111,140,1
4590,7000,49,102,0,5,90,111,140,1
4600,7000,50,102,0,5,90,111,140,1
4610,7000,51,102,0,5,90,111,140,1
4620,7000,52,102,0,5,90,111,140,1
4630,7000,53,102,0,5,90,111,140,1
4640,7000,54,102,0,5,90,111,140,1
4650,7000,55,102,0,5,90,111,140,1
4660,7000,56,102,0,5,90,111,140,1
4670,7000,57,102,0,5,90,111,140,1
4680,7000,58,102,0,5,90,111,140,1
4690,7000,59,102,0,5,90,111,140,1
4700,7000,60,102,0,5,90,111,140,1
4710,7000,61,102,0,5,90,111,140,1
4720,7000,62,102,0,5,90,111,140,1
4730,7000,63,102,0,5,90,111,140,1
4740,7000,64,102,0,5,90,111,140,1
4750,7000,65,102,0,5,90,111,140,1
4760,7000,66,102,0,5,90,111,140,1
4770,7000,67,102,0,5,90,111,140,1
4780,7000,68,102,0,5,90,111,140,1
4790,7000,69,102,0,5,90,111,140,1
4800,7000,70,102,0,5,90,111,140,1
4810,7000,70,102,0,5,90,111,140,1
4820,7000,70,102,0,5,90,111,140,1
4830,7000,70,102,0,5,90,111,140,1
4840,7000,70,102,0,5,90,111,140,1
4850,7000,70,102,0,5,90,111,140,1
4860,7000,70,102,0,5,90,111,140,1
4870,7000,70,102,0,5,90,111,140,1
4880,7000,70,102,0,5,90,111,140,1
4890,7000,70,102,0,5,90,111,140,1
4900,7000,70,102,0,5,90,111,140,1
4910,7000,70,102,0,5,90,111,140,1
4920,7000,70,102,0,5,90,111,140,1
4930,7000,70,102,0,5,90,111,140,1
4940,7000,70,102,0,5,90,111,140,1
4950,7000,70,102,0,5,90,111,140,1
4960,7000,70,102,0,5,90,111,140,1
4970,7000,70,102,0,5,90,111,140,1
4980,7000,70,102,0,5,90,111,140,1
4990,7000,70,102,0,5,90,111,140,1
5000,7000,63,97,20,5,90,111,140,1
5010,7000,51,92,40,5,90,111,140,1
5020,7000,36,87,60,5,90,111,140,1
5030,7000,22,82,80,5,90,111,140,1
5040,7000,20,77,100,5,90,111,140,1
5050,7000,20,72,100,5,90,111,140,1
5060,7000,20,67,100,5,90,111,140,1
5070,7000,20,62,100,5,90,111,140,1
5080,7000,20,57,100,5,90,111,140,1
5090,7000,20,52,100,5,90,111,140,1
5100,7000,20,47,100,5,90,111,140,1
5110,7000,20,42,100,5,90,111,140,1
5120,7000,20,37,100,5,90,111,140,1
5130,7000,20,32,100,5,90,111,140,1
5140,7000,20,27,100,5,90,111,140,1
5150,7000,20,22,100,5,90,111,140,1
5160,7000,20,17,100,5,90,111,140,1
5170,7000,20,12,100,5,90,111,140,1
5180,7000,20,7,100,5,90,111,140,1
5190,7000,20,2,100,5,90,111,140,1
5200,7000,20,100,100,5,90,111,140,1
5210,7000,20,95,100,5,90,111,140,1
5220,7000,20,90,100,5,90,111,140,1
5230,7000,20,85,100,5,90,111,140,1
5240,7000,20,80,100,5,90,111,140,1
5250,7000,20,75,100,5,90,111,140,1
5260,7000,20,70,100,5,90,111,140,1
5270,7000,20,65,100,5,90,111,140,1
5280,7000,20,60,100,5,90,111,140,1
5290,7000,20,55,100,5,90,111,140,1
5300,7000,20,50,100,5,90,111,140,1
5310,7000,20,45,100,5,90,111,140,1
5320,7000,20,40,100,5,90,111,140,1
5330,7000,20,35,100,5,90,111,140,1
5340,7000,20,30,100,5,90,111,140,1
5350,7000,20,25,100,5,90,111,140,1
5360,7000,20,20,100,5,90,111,140,1
5370,7000,20,15,100,5,90,111,140,1
5380,7000,20,10,100,5,90,111,140,1
5390,7000,20,5,100,5,90,111,140,1
5400,6900,20,0,100,5,89,111,140,1
5410,6800,20,0,100,5,88,111,140,1
5420,6700,20,0,100,5,87,111,140,1
5430,6600,20,0,100,5,86,111,140,1
5440,6500,20,0,100,5,85,111,140,1
5450,6400,20,0,100,5,84,111,140,1
5460,6300,20,0,100,5,83,111,140,1
5470,6200,20,0,100,5,82,111,140,1
5480,6100,20,0,100,5,81,111,140,1
5490,6000,20,0,100,5,80,111,140,1
5500,5900,20,0,100,5,79,111,140,1
5510,5800,20,0,100,5,78,111,140,1
5520,5700,20,0,100,5,77,111,140,1
5530,5600,20,0,100,5,76,111,140,1
5540,5500,20,0,100,5,75,111,140,1
5550,5400,20,0,100,4,74,111,140,1
5560,5300,20,0,100,4,73,111,140,1
5570,5200,20,0,100,4,72,111,140,1
5580,5100,20,0,100,4,71,111,140,1
5590,5000,20,0,100,4,70,111,140,1
5600,4900,20,0,100,4,69,111,140,1
5610,4800,20,0,100,4,68,111,140,1
5620,4700,20,0,100,4,67,111,140,1
5630,4600,20,0,100,4,66,111,140,1
5640,4500,20,0,100,4,65,111,140,1
5650,4400,20,0,100,4,64,111,140,1
5660,4300,20,0,100,4,63,111,140,1
5670,4200,20,0,100,4,62,111,140,1
5680,4100,20,0,100,4,61,111,140,1
5690,4000,20,0,100,4,60,111,140,1
5700,3900,20,0,100,3,59,111,140,1
5710,3800,20,0,100,3,58,111,140,1
5720,3700,20,0,100,3,57,111,140,1
5730,3600,20,0,100,3,56,111,140,1
5740,3500,20,0,100,3,55,111,140,1
5750,3400,20,0,100,3,54,111,140,1
5760,3300,20,0,100,3,53,111,140,1
5770,3200,20,0,100,3,52,111,140,1
5780,3100,20,0,100,3,51,111,140,1
5790,3000,20,0,100,3,50,111,140,1
5800,2900,20,0,100,3,49,111,140,1
5810,2800,20,0,100,3,48,111,140,1
5820,2700,20,0,100,3,47,111,140,1
5830,2600,20,0,100,3,46,111,140,1
5840,2500,20,0,100,3,45,111,140,1
5850,2400,20,0,100,2,44,111,140,1
5860,2300,20,0,100,2,43,111,140,1
5870,2200,20,0,100,2,42,111,140,1
5880,2100,20,0,100,2,41,111,140,1
5890,2000,20,0,100,2,40,111,140,1
5900,1900,20,0,100,2,39,111,140,1
5910,1800,20,0,100,2,38,111,140,1
5920,1700,20,0,100,2,37,111,140,1
5930,1600,20,0,100,2,36,111,140,1
5940,1500,20,0,100,2,35,111,140,1
5950,1400,20,0,100,2,34,111,140,1
5960,1300,20,0,100,2,33,111,140,1
5970,1200,20,0,100,2,32,111,140,1
5980,1100,20,0,100,2,31,111,140,1
5990,1000,20,0,100,2,30,111,140,1
6000,900,20,0,90,2,29,111,140,1
6010,800,20,0,80,2,28,111,140,1
6020,800,20,0,70,2,28,111,140,1
6030,800,20,0,60,2,28,111,140,1
6040,800,20,0,50,2,28,111,140,1
6050,800,20,0,40,2,28,111,140,1
6060,800,20,0,30,2,28,111,140,1
6070,800,20,0,20,2,28,111,140,1
6080,800,20,0,10,2,28,111,140,1
6090,800,20,0,0,2,28,111,140,1
6100,800,20,0,0,2,28,111,140,1
6110,806,19,3,0,2,28,111,140,1
6120,818,18,6,0,2,28,111,140,1
6130,836,17,9,0,2,28,111,140,1
6140,860,16,12,0,2,28,111,140,1
6150,890,15,15,0,2,28,111,140,1
6160,926,14,18,0,2,29,111,140,1
6170,968,13,21,0,2,29,111,140,1
6180,1016,12,24,0,2,30,111,140,1
6190,1070,11,27,0,2,30,111,140,1
6200,1130,11,30,0,2,31,111,140,1
6210,1196,11,33,0,2,31,111,140,1
6220,1268,12,36,0,2,32,111,140,1
6230,1346,13,39,0,2,33,111,140,1
6240,1430,14,42,0,2,34,111,140,1
6250,1520,15,45,0,2,35,111,140,1
6260,1616,16,48,0,2,36,111,140,1
6270,1718,17,51,0,2,37,111,140,1
6280,1826,18,54,0,2,38,111,140,1
6290,1940,19,57,0,2,39,111,140,1
6300,2060,20,60,0,2,40,111,140,1
6310,2186,21,63,0,2,41,111,140,1
6320,2318,22,66,0,2,43,111,140,1
6330,2456,23,69,0,2,44,111,140,1
6340,2600,24,72,0,3,46,111,140,1
6350,2750,25,75,0,3,47,111,140,1
6360,2906,26,78,0,3,49,111,140,1
6370,3068,27,81,0,3,50,111,140,1
6380,3236,28,84,0,3,52,111,140,1
6390,3410,29,87,0,3,54,111,140,1
6400,3590,30,90,0,3,55,111,140,1
6410,3776,31,93,0,3,57,111,140,1
6420,3968,32,96,0,3,59,111,140,1
6430,4166,33,99,0,4,61,111,140,1
6440,4370,34,102,0,4,63,111,140,1
6450,4574,35,102,0,4,65,111,140,1
6460,4778,36,102,0,4,67,111,140,1
6470,4982,37,102,0,4,69,111,140,1
6480,5186,38,102,0,4,71,111,140,1
6490,5390,39,102,0,4,73,111,140,1
6500,5594,40,102,0,5,75,111,140,1
6510,5798,41,102,0,5,77,111,140,1
6520,6002,42,102,0,5,80,111,140,1
6530,6206,43,102,0,5,82,111,140,1
6540,6410,44,102,0,5,84,111,140,1
6550,6614,45,102,0,5,86,111,140,1
6560,6818,46,102,0,5,88,111,140,1
6570,7000,47,102,0,5,90,111,140,1
6580,7000,48,102,0,5,90,111,140,1
6590,7000,49,102,0,5,90,111,140,1
6600,7000,50,102,0,5,90,111,140,1
6610,7000,51,102,0,5,90,111,140,1
6620,7000,52,102,0,5,90,111,140,1
6630,7000,53,102,0,5,90,111,140,1
6640,7000,54,102,0,5,90,111,140,1
6650,7000,55,102,0,5,90,111,140,1
6660,7000,56,102,0,5,90,111,140,1
6670,7000,57,102,0,5,90,111,140,1
6680,7000,58,102,0,5,90,111,140,1
6690,7000,59,102,0,5,90,111,140,1
6700,7000,60,102,0,5,90,111,140,1
6710,7000,61,102,0,5,90,111,140,1
6720,7000,62,102,0,5,90,111,140,1
6730,7000,63,102,0,5,90,111,140,1
6740,7000,64,102,0,5,90,111,140,1
6750,7000,65,102,0,5,90,111,140,1
6760,7000,66,102,0,5,90,111,140,1
6770,7000,67,102,0,5,90,111,140,1
6780,7000,68,102,0,5,90,111,140,1
6790,7000,69,102,0,5,90,111,140,1
6800,7000,70,102,0,5,90,111,140,1
6810,7000,70,102,0,5,90,111,140,1
6820,7000,70,102,0,5,90,111,140,1
6830,7000,70,102,0,5,90,111,140,1
6840,7000,70,102,0,5,90,111,140,1
6850,7000,70,102,0,5,90,111,140,1
6860,7000,70,102,0,5,90,111,140,1
6870,7000,70,102,0,5,90,111,140,1
6880,7000,70,102,0,5,90,111,140,1
6890,7000,70,102,0,5,90,111,140,1
6900,7000,70,102,0,5,90,111,140,1
6910,7000,70,102,0,5,90,111,140,1
6920,7000,70,102,0,5,90,111,140,1
6930,7000,70,102,0,5,90,111,140,1
6940,7000,70,102,0,5,90,111,140,1
6950,7000,70,102,0,5,90,111,140,1
6960,7000,70,102,0,5,90,111,140,1
6970,7000,70,102,0,5,90,111,140,1
6980,7000,70,102,0,5,90,111,140,1
6990,7000,70,102,0,5,90,111,140,1
7000,7000,63,97,20,5,90,111,140,1
7010,7000,51,92,40,5,90,111,140,1
7020,7000,36,87,60,5,90,111,140,1
7030,7000,22,82,80,5,90,111,140,1
7040,7000,20,77,100,5,90,111,140,1
7050,7000,20,72,100,5,90,111,140,1
7060,7000,20,67,100,5,90,111,140,1
7070,7000,20,62,100,5,90,111,140,1
7080,7000,20,57,100,5,90,111,140,1
7090,7000,20,52,100,5,90,111,140,1
7100,7000,20,47,100,5,90,111,140,1
7110,7000,20,42,100,5,90,111,140,1
7120,7000,20,37,100,5,90,111,140,1
7130,7000,20,32,100,5,90,111,140,1
7140,7000,20,27,100,5,90,111,140,1
7150,7000,20,22,100,5,90,111,140,1
7160,7000,20,17,100,5,90,111,140,1
7170,7000,20,12,100,5,90,111,140,1
7180,7000,20,7,100,5,90,111,140,1
7190,7000,20,2,100,5,90,111,140,1
7200,7000,20,100,100,5,90,111,140,1
7210,7000,20,95,100,5,90,111,140,1
7220,7000,20,90,100,5,90,111,140,1
7230,7000,20,85,100,5,90,111,140,1
7240,7000,20,80,100,5,90,111,140,1
7250,7000,20,75,100,5,90,111,140,1
7260,7000,20,70,100,5,90,111,140,1
7270,7000,20,65,100,5,90,111,140,1
7280,7000,20,60,100,5,90,111,140,1
7290,7000,20,55,100,5,90,111,140,1
7300,7000,20,50,100,5,90,111,140,1
7310,7000,20,45,100,5,90,111,140,1
7320,7000,20,40,100,5,90,111,140,1
7330,7000,20,35,100,5,90,111,140,1
7340,7000,20,30,100,5,90,111,140,1
7350,7000,20,25,100,5,90,111,140,1
7360,7000,20,20,100,5,90,111,140,1
7370,7000,20,15,100,5,90,111,140,1
7380,7000,20,10,100,5,90,111,140,1
7390,7000,20,5,100,5,90,111,140,1
7400,6900,20,0,100,5,89,111,140,1
7410,6800,20,0,100,5,88,111,140,1
7420,6700,20,0,100,5,87,111,140,1
7430,6600,20,0,100,5,86,111,140,1
7440,6500,20,0,100,5,85,111,140,1
7450,6400,20,0,100,5,84,111,140,1
7460,6300,20,0,100,5,83,111,140,1
7470,6200,20,0,100,5,82,111,140,1
7480,6100,20,0,100,5,81,111,140,1
7490,6000,20,0,100,5,80,111,140,1
7500,5900,20,0,100,5,79,111,140,1
7510,5800,20,0,100,5,78,111,140,1
7520,5700,20,0,100,5,77,111,140,1
7530,5600,20,0,100,5,76,111,140,1
7540,5500,20,0,100,5,75,111,140,1
7550,5400,20,0,100,4,74,111,140,1
7560,5300,20,0,100,4,73,111,140,1
7570,5200,20,0,100,4,72,111,140,1
7580,5100,20,0,100,4,71,111,140,1
7590,5000,20,0,100,4,70,111,140,1
7600,4900,20,0,100,4,69,111,140,1
7610,4800,20,0,100,4,68,111,140,1
7620,4700,20,0,100,4,67,111,140,1
7630,4600,20,0,100,4,66,111,140,1
7640,4500,20,0,100,4,65,111,140,1
7650,4400,20,0,100,4,64,111,140,1
7660,4300,20,0,100,4,63,111,140,1
7670,4200,20,0,100,4,62,111,140,1
7680,4100,20,0,100,4,61,111,140,1
7690,4000,20,0,100,4,60,111,140,1
7700,3900,20,0,100,3,59,111,140,1
7710,3800,20,0,100,3,58,111,140,1
7720,3700,20,0,100,3,57,111,140,1
7730,3600,20,0,100,3,56,111,140,1
7740,3500,20,0,100,3,55,111,140,1
7750,3400,20,0,100,3,54,111,140,1
7760,3300,20,0,100,3,53,111,140,1
7770,3200,20,0,100,3,52,111,140,1
7780,3100,20,0,100,3,51,111,140,1
7790,3000,20,0,100,3,50,111,140,1
7800,2900,20,0,100,3,49,111,140,1
7810,2800,20,0,100,3,48,111,140,1
7820,2700,20,0,100,3,47,111,140,1
7830,2600,20,0,100,3,46,111,140,1
7840,2500,20,0,100,3,45,111,140,1
7850,2400,20,0,100,2,44,111,140,1
7860,2300,20,0,100,2,43,111,140,1
7870,2200,20,0,100,2,42,111,140,1
7880,2100,20,0,100,2,41,111,140,1
7890,2000,20,0,100,2,40,111,140,1
7900,1900,20,0,100,2,39,111,140,1
7910,1800,20,0,100,2,38,111,140,1
7920,1700,20,0,100,2,37,111,140,1
7930,1600,20,0,100,2,36,111,140,1
7940,1500,20,0,100,2,35,111,140,1
7950,1400,20,0,100,2,34,111,140,1
7960,1300,20,0,100,2,33,111,140,1
7970,1200,20,0,100,2,32,111,140,1
7980,1100,20,0,100,2,31,111,140,1
7990,1000,20,0,100,2,30,111,140,1
8000,900,20,0,90,2,29,111,140,1
8010,800,20,0,80,2,28,111,140,1
8020,800,20,0,70,2,28,111,140,1
8030,800,20,0,60,2,28,111,140,1
8040,800,20,0,50,2,28,111,140,1
8050,800,20,0,40,2,28,111,140,1
8060,800,20,0,30,2,28,111,140,1
8070,800,20,0,20,2,28,111,140,1
8080,800,20,0,10,2,28,111,140,1
8090,800,20,0,0,2,28,111,140,1
8100,800,20,0,0,2,28,111,140,1
8110,806,19,3,0,2,28,111,140,1
8120,818,18,6,0,2,28,111,140,1
8130,836,17,9,0,2,28,111,140,1
8140,860,16,12,0,2,28,111,140,1
8150,890,15,15,0,2,28,111,140,1
8160,926,14,18,0,2,29,111,140,1
8170,968,13,21,0,2,29,111,140,1
8180,1016,12,24,0,2,30,111,140,1
8190,1070,11,27,0,2,30,111,140,1
8200,1130,11,30,0,2,31,111,140,1
8210,1196,11,33,0,2,31,111,140,1
8220,1268,12,36,0,2,32,111,140,1
8230,1346,13,39,0,2,33,111,140,1
8240,1430,14,42,0,2,34,111,140,1
8250,1520,15,45,0,2,35,111,140,1
8260,1616,16,48,0,2,36,111,140,1
8270,1718,17,51,0,2,37,111,140,1
8280,1826,18,54,0,2,38,111,140,1
8290,1940,19,57,0,2,39,111,140,1
8300,2060,20,60,0,2,40,111,140,1
8310,2186,21,63,0,2,41,111,140,1
8320,2318,22,66,0,2,43,111,140,1
8330,2456,23,69,0,2,44,111,140,1
8340,2600,24,72,0,3,46,111,140,1
8350,2750,25,75,0,3,47,111,140,1
8360,2906,26,78,0,3,49,111,140,1
8370,3068,27,81,0,3,50,111,140,1
8380,3236,28,84,0,3,52,111,140,1
8390,3410,29,87,0,3,54,111,140,1
8400,3590,30,90,0,3,55,111,140,1
8410,3776,31,93,0,3,57,111,140,1
8420,3968,32,96,0,3,59,111,140,1
8430,4166,33,99,0,4,61,111,140,1
8440,4370,34,102,0,4,63,111,140,1
8450,4574,35,102,0,4,65,111,140,1
8460,4778,36,102,0,4,67,111,140,1
8470,4982,37,102,0,4,69,111,140,1
8480,5186,38,102,0,4,71,111,140,1
8490,5390,39,102,0,4,73,111,140,1
8500,5594,40,102,0,5,75,111,140,1
8510,5798,41,102,0,5,77,111,140,1
8520,6002,42,102,0,5,80,111,140,1
8530,6206,43,102,0,5,82,111,140,1
8540,6410,44,102,0,5,84,111,140,1
8550,6614,45,102,0,5,86,111,140,1
8560,6818,46,102,0,5,88,111,140,1
8570,7000,47,102,0,5,90,111,140,1
8580,7000,48,102,0,5,90,111,140,1
8590,7000,49,102,0,5,90,111,140,1
8600,7000,50,102,0,5,90,111,140,1
8610,7000,51,102,0,5,90,111,140,1
8620,7000,52,102,0,5,90,111,140,1
8630,7000,53,102,0,5,90,111,140,1
8640,7000,54,102,0,5,90,111,140,1
8650,7000,55,102,0,5,90,111,140,1
8660,7000,56,102,0,5,90,111,140,1
8670,7000,57,102,0,5,90,111,140,1
8680,7000,58,102,0,5,90,111,140,1
8690,7000,59,102,0,5,90,111,140,1
8700,7000,60,102,0,5,90,111,140,1
8710,7000,61,102,0,5,90,111,140,1
8720,7000,62,102,0,5,90,111,140,1
8730,7000,63,102,0,5,90,111,140,1
8740,7000,64,102,0,5,90,111,140,1
8750,7000,65,102,0,5,90,111,140,1
8760,7000,66,102,0,5,90,111,140,1
8770,7000,67,102,0,5,90,111,140,1
8780,7000,68,102,0,5,90,111,140,1
8790,7000,69,102,0,5,90,111,140,1
8800,7000,70,102,0,5,90,111,140,1
8810,7000,70,102,0,5,90,111,140,1
8820,7000,70,102,0,5,90,111,140,1
8830,7000,70,102,0,5,90,111,140,1
8840,7000,70,102,0,5,90,111,140,1
8850,7000,70,102,0,5,90,111,140,1
8860,7000,70,102,0,5,90,111,140,1
8870,7000,70,102,0,5,90,111,140,1
8880,7000,70,102,0,5,90,111,140,1
8890,7000,70,102,0,5,90,111,140,1
8900,7000,70,102,0,5,90,111,140,1
8910,7000,70,102,0,5,90,111,140,1
8920,7000,70,102,0,5,90,111,140,1
8930,7000,70,102,0,5,90,111,140,1
8940,7000,70,102,0,5,90,111,140,1
8950,7000,70,102,0,5,90,111,140,1
8960,7000,70,102,0,5,90,111,140,1
8970,7000,70,102,0,5,90,111,140,1
8980,7000,70,102,0,5,90,111,140,1
8990,7000,70,102,0,5,90,111,140,1
9000,7000,63,97,20,5,90,111,140,1
9010,7000,51,92,40,5,90,111,140,1
9020,7000,36,87,60,5,90,111,140,1
9030,7000,22,82,80,5,90,111,140,1
9040,7000,20,77,100,5,90,111,140,1
9050,7000,20,72,100,5,90,111,140,1
9060,7000,20,67,100,5,90,111,140,1
9070,7000,20,62,100,5,90,111,140,1
9080,7000,20,57,100,5,90,111,140,1
9090,7000,20,52,100,5,90,111,140,1
9100,7000,20,47,100,5,90,111,140,1
9110,7000,20,42,100,5,90,111,140,1
9120,7000,20,37,100,5,90,111,140,1
9130,7000,20,32,100,5,90,111,140,1
9140,7000,20,27,100,5,90,111,140,1
9150,7000,20,22,100,5,90,111,140,1
9160,7000,20,17,100,5,90,111,140,1
9170,7000,20,12,100,5,90,111,140,1
9180,7000,20,7,100,5,90,111,140,1
9190,7000,20,2,100,5,90,111,140,1
9200,7000,20,100,100,5,90,111,140,1
9210,7000,20,95,100,5,90,111,140,1
9220,7000,20,90,100,5,90,111,140,1
9230,7000,20,85,100,5,90,111,140,1
9240,7000,20,80,100,5,90,111,140,1
9250,7000,20,75,100,5,90,111,140,1
9260,7000,20,70,100,5,90,111,140,1
9270,7000,20,65,100,5,90,111,140,1
9280,7000,20,60,100,5,90,111,140,1
9290,7000,20,55,100,5,90,111,140,1
9300,7000,20,50,100,5,90,111,140,1
9310,7000,20,45,100,5,90,111,140,1
9320,7000,20,40,100,5,90,111,140,1
9330,7000,20,35,100,5,90,111,140,1
9340,7000,20,30,100,5,90,111,140,1
9350,7000,20,25,100,5,90,111,140,1
9360,7000,20,20,100,5,90,111,140,1
9370,7000,20,15,100,5,90,111,140,1
9380,7000,20,10,100,5,90,111,140,1
9390,7000,20,5,100,5,90,111,140,1
9400,6900,20,0,100,5,89,111,140,1
9410,6800,20,0,100,5,88,111,140,1
9420,6700,20,0,100,5,87,111,140,1
9430,6600,20,0,100,5,86,111,140,1
9440,6500,20,0,100,5,85,111,140,1
9450,6400,20,0,100,5,84,111,140,1
9460,6300,20,0,100,5,83,111,140,1
9470,6200,20,0,100,5,82,111,140,1
9480,6100,20,0,100,5,81,111,140,1
9490,6000,20,0,100,5,80,111,140,1
9500,5900,20,0,100,5,79,111,140,1
9510,5800,20,0,100,5,78,111,140,1
9520,5700,20,0,100,5,77,111,140,1
9530,5600,20,0,100,5,76,111,140,1
9540,5500,20,0,100,5,75,111,140,1
9550,5400,20,0,100,4,74,111,140,1
9560,5300,20,0,100,4,73,111,140,1
9570,5200,20,0,100,4,72,111,140,1
9580,5100,20,0,100,4,71,111,140,1
9590,5000,20,0,100,4,70,111,140,1
9600,4900,20,0,100,4,69,111,140,1
9610,4800,20,0,100,4,68,111,140,1
9620,4700,20,0,100,4,67,111,140,1
9630,4600,20,0,100,4,66,111,140,1
9640,4500,20,0,100,4,65,111,140,1
9650,4400,20,0,100,4,64,111,140,1
9660,4300,20,0,100,4,63,111,140,1
9670,4200,20,0,100,4,62,111,140,1
9680,4100,20,0,100,4,61,111,140,1
9690,4000,20,0,100,4,60,111,140,1
9700,3900,20,0,100,3,59,111,140,1
9710,3800,20,0,100,3,58,111,140,1
9720,3700,20,0,100,3,57,111,140,1
9730,3600,20,0,100,3,56,111,140,1
9740,3500,20,0,100,3,55,111,140,1
9750,3400,20,0,100,3,54,111,140,1
9760,3300,20,0,100,3,53,111,140,1
9770,3200,20,0,100,3,52,111,140,1
9780,3100,20,0,100,3,51,111,140,1
9790,3000,20,0,100,3,50,111,140,1
9800,2900,20,0,100,3,49,111,140,1
9810,2800,20,0,100,3,48,111,140,1
9820,2700,20,0,100,3,47,111,140,1
9830,2600,20,0,100,3,46,111,140,1
9840,2500,20,0,100,3,45,111,140,1
9850,2400,20,0,100,2,44,111,140,1
9860,2300,20,0,100,2,43,111,140,1
9870,2200,20,0,100,2,42,111,140,1
9880,2100,20,0,100,2,41,111,140,1
9890,2000,20,0,100,2,40,111,140,1
9900,1900,20,0,100,2,39,111,140,1
9910,1800,20,0,100,2,38,111,140,1
9920,1700,20,0,100,2,37,111,140,1
9930,1600,20,0,100,2,36,111,140,1
9940,1500,20,0,100,2,35,111,140,1
9950,1400,20,0,100,2,34,111,140,1
9960,1300,20,0,100,2,33,111,140,1
9970,1200,20,0,100,2,32,111,140,1
9980,1100,20,0,100,2,31,111,140,1
9990,1000,20,0,100,2,30,111,140,1
10000,900,20,0,90,2,29,111,140,1
10010,800,20,0,80,2,28,111,140,1
10020,800,20,0,70,2,28,111,140,1
10030,800,20,0,60,2,28,111,140,1
10040,800,20,0,50,2,28,111,140,1
10050,800,20,0,40,2,28,111,140,1
10060,800,20,0,30,2,28,111,140,1
10070,800,20,0,20,2,28,111,140,1
10080,800,20,0,10,2,28,111,140,1
10090,800,20,0,0,2,28,111,140,1
10100,800,20,0,0,2,28,111,140,1
10110,806,19,3,0,2,28,111,140,1
10120,818,18,6,0,2,28,111,140,1
10130,836,17,9,0,2,28,111,140,1
10140,860,16,12,0,2,28,111,140,1
10150,890,15,15,0,2,28,111,140,1
10160,926,14,18,0,2,29,111,140,1
10170,968,13,21,0,2,29,111,140,1
10180,1016,12,24,0,2,30,111,140,1
10190,1070,11,27,0,2,30,111,140,1
10200,1130,11,30,0,2,31,111,140,1
10210,1196,11,33,0,2,31,111,140,1
10220,1268,12,36,0,2,32,111,140,1
10230,1346,13,39,0,2,33,111,140,1
10240,1430,14,42,0,2,34,111,140,1
10250,1520,15,45,0,2,35,111,140,1
10260,1616,16,48,0,2,36,111,140,1
10270,1718,17,51,0,2,37,111,140,1
10280,1826,18,54,0,2,38,111,140,1
10290,1940,19,57,0,2,39,111,140,1
10300,2060,20,60,0,2,40,111,140,1
10310,2186,21,63,0,2,41,111,140,1
10320,2318,22,66,0,2,43,111,140,1
10330,2456,23,69,0,2,44,111,140,1
10340,2600,24,72,0,3,46,111,140,1
10350,2750,25,75,0,3,47,111,140,1
10360,2906,26,78,0,3,49,111,140,1
10370,3068,27,81,0,3,50,111,140,1
10380,3236,28,84,0,3,52,111,140,1
10390,3410,29,87,0,3,54,111,140,1
10400,3590,30,90,0,3,55,111,140,1
10410,3776,31,93,0,3,57,111,140,1
10420,3968,32,96,0,3,59,111,140,1
10430,4166,33,99,0,4,61,111,140,1
10440,4370,34,102,0,4,63,111,140,1
10450,4574,35,102,0,4,65,111,140,1
10460,4778,36,102,0,4,67,111,140,1
10470,4982,37,102,0,4,69,111,140,1
10480,5186,38,102,0,4,71,111,140,1
10490,5390,39,102,0,4,73,111,140,1
10500,5594,40,102,0,5,75,111,140,1
10510,5798,41,102,0,5,77,111,140,1
10520,6002,42,102,0,5,80,111,140,1
10530,6206,43,102,0,5,82,111,140,1
10540,6410,44,102,0,5,84,111,140,1
10550,6614,45,102,0,5,86,111,140,1
10560,6818,46,102,0,5,88,111,140,1
10570,7000,47,102,0,5,90,111,140,1
10580,7000,48,102,0,5,90,111,140,1
10590,7000,49,102,0,5,90,111,140,1
10600,7000,50,102,0,5,90,111,140,1
10610,7000,51,102,0,5,90,111,140,1
10620,7000,52,102,0,5,90,111,140,1
10630,7000,53,102,0,5,90,111,140,1
10640,7000,54,102,0,5,90,111,140,1
10650,7000,55,102,0,5,90,111,140,1
10660,7000,56,102,0,5,90,111,140,1
10670,7000,57,102,0,5,90,111,140,1
10680,7000,58,102,0,5,90,111,140,1
10690,7000,59,102,0,5,90,111,140,1
10700,7000,60,102,0,5,90,111,140,1
10710,7000,61,102,0,5,90,111,140,1
10720,7000,62,102,0,5,90,111,140,1
10730,7000,63,102,0,5,90,111,140,1
10740,7000,64,102,0,5,90,111,140,1
10750,7000,65,102,0,5,90,111,140,1
10760,7000,66,102,0,5,90,111,140,1
10770,7000,67,102,0,5,90,111,140,1
10780,7000,68,102,0,5,90,111,140,1
10790,7000,69,102,0,5,90,111,140,1
10800,7000,70,102,0,5,90,111,140,1
10810,7000,70,102,0,5,90,111,140,1
10820,7000,70,102,0,5,90,111,140,1
10830,7000,70,102,0,5,90,111,140,1
10840,7000,70,102,0,5,90,111,140,1
10850,7000,70,102,0,5,90,111,140,1
10860,7000,70,102,0,5,90,111,140,1
10870,7000,70,102,0,5,90,111,140,1
10880,7000,70,102,0,5,90,111,140,1
10890,7000,70,102,0,5,90,111,140,1
10900,7000,70,102,0,5,90,111,140,1
10910,7000,70,102,0,5,90,111,140,1
10920,7000,70,102,0,5,90,111,140,1
10930,7000,70,102,0,5,90,111,140,1
10940,7000,70,102,0,5,90,111,140,1
10950,7000,70,102,0,5,90,111,140,1
10960,7000,70,102,0,5,90,111,140,1
10970,7000,70,102,0,5,90,111,140,1
10980,7000,70,102,0,5,90,111,140,1
10990,7000,70,102,0,5,90,111,140,1
11000,7000,63,97,20,5,90,111,140,1
11010,7000,51,92,40,5,90,111,140,1
11020,7000,36,87,60,5,90,111,140,1
11030,7000,22,82,80,5,90,111,140,1
11040,7000,20,77,100,5,90,111,140,1
11050,7000,20,72,100,5,90,111,140,1
11060,7000,20,67,100,5,90,111,140,1
11070,7000,20,62,100,5,90,111,140,1
11080,7000,20,57,100,5,90,111,140,1
11090,7000,20,52,100,5,90,111,140,1
11100,7000,20,47,100,5,90,111,140,1
11110,7000,20,42,100,5,90,111,140,1
11120,7000,20,37,100,5,90,111,140,1
11130,7000,20,32,100,5,90,111,140,1
11140,7000,20,27,100,5,90,111,140,1
11150,7000,20,22,100,5,90,111,140,1
11160,7000,20,17,100,5,90,111,140,1
11170,7000,20,12,100,5,90,111,140,1
11180,7000,20,7,100,5,90,111,140,1
11190,7000,20,2,100,5,90,111,140,1
11200,7000,20,100,100,5,90,111,140,1
11210,7000,20,95,100,5,90,111,140,1
11220,7000,20,90,100,5,90,111,140,1
11230,7000,20,85,100,5,90,111,140,1
11240,7000,20,80,100,5,90,111,140,1
11250,7000,20,75,100,5,90,111,140,1
11260,7000,20,70,100,5,90,111,140,1
11270,7000,20,65,100,5,90,111,140,1
11280,7000,20,60,100,5,90,111,140,1
11290,7000,20,55,100,5,90,111,140,1
11300,7000,20,50,100,5,90,111,140,1
11310,7000,20,45,100,5,90,111,140,1
11320,7000,20,40,100,5,90,111,140,1
11330,7000,20,35,100,5,90,111,140,1
11340,7000,20,30,100,5,90,111,140,1
11350,7000,20,25,100,5,90,111,140,1
11360,7000,20,20,100,5,90,111,140,1
11370,7000,20,15,100,5,90,111,140,1
11380,7000,20,10,100,5,90,111,140,1
11390,7000,20,5,100,5,90,111,140,1
11400,6900,20,0,100,5,89,111,140,1
11410,6800,20,0,100,5,88,111,140,1
11420,6700,20,0,100,5,87,111,140,1
11430,6600,20,0,100,5,86,111,140,1
11440,6500,20,0,100,5,85,111,140,1
11450,6400,20,0,100,5,84,111,140,1
11460,6300,20,0,100,5,83,111,140,1
11470,6200,20,0,100,5,82,111,140,1
11480,6100,20,0,100,5,81,111,140,1
11490,6000,20,0,100,5,80,111,140,1
11500,5900,20,0,100,5,79,111,140,1
11510,5800,20,0,100,5,78,111,140,1
11520,5700,20,0,100,5,77,111,140,1
11530,5600,20,0,100,5,76,111,140,1
11540,5500,20,0,100,5,75,111,140,1
11550,5400,20,0,100,4,74,111,140,1
11560,5300,20,0,100,4,73,111,140,1
11570,5200,20,0,100,4,72,111,140,1
11580,5100,20,0,100,4,71,111,140,1
11590,5000,20,0,100,4,70,111,140,1
11600,4900,20,0,100,4,69,111,140,1
11610,4800,20,0,100,4,68,111,140,1
11620,4700,20,0,100,4,67,111,140,1
11630,4600,20,0,100,4,66,111,140,1
11640,4500,20,0,100,4,65,111,140,1
11650,4400,20,0,100,4,64,111,140,1
11660,4300,20,0,100,4,63,111,140,1
11670,4200,20,0,100,4,62,111,140,1
11680,4100,20,0,100,4,61,111,140,1
11690,4000,20,0,100,4,60,111,140,1
11700,3900,20,0,100,3,59,111,140,1
11710,3800,20,0,100,3,58,111,140,1
11720,3700,20,0,100,3,57,111,140,1
11730,3600,20,0,100,3,56,111,140,1
11740,3500,20,0,100,3,55,111,140,1
11750,3400,20,0,100,3,54,111,140,1
11760,3300,20,0,100,3,53,111,140,1
11770,3200,20,0,100,3,52,111,140,1
11780,3100,20,0,100,3,51,111,140,1
11790,3000,20,0,100,3,50,111,140,1
11800,2900,20,0,100,3,49,111,140,1
11810,2800,20,0,100,3,48,111,140,1
11820,2700,20,0,100,3,47,111,140,1
11830,2600,20,0,100,3,46,111,140,1
11840,2500,20,0,100,3,45,111,140,1
11850,2400,20,0,100,2,44,111,140,1
11860,2300,20,0,100,2,43,111,140,1
11870,2200,20,0,100,2,42,111,140,1
11880,2100,20,0,100,2,41,111,140,1
11890,2000,20,0,100,2,40,111,140,1
11900,1900,20,0,100,2,39,111,140,1
11910,1800,20,0,100,2,38,111,140,1
11920,1700,20,0,100,2,37,111,140,1
11930,1600,20,0,100,2,36,111,140,1
11940,1500,20,0,100,2,35,111,140,1
11950,1400,20,0,100,2,34,111,140,1
11960,1300,20,0,100,2,33,111,140,1
11970,1200,20,0,100,2,32,111,140,1
11980,1100,20,0,100,2,31,111,140,1
11990,1000,20,0,100,2,30,111,140,1
12000,900,20,0,90,2,29,111,140,1
12010,800,20,0,80,2,28,111,140,1
12020,800,20,0,70,2,28,111,140,1
12030,800,20,0,60,2,28,111,140,1
12040,800,20,0,50,2,28,111,140,1
12050,800,20,0,40,2,28,111,140,1
12060,800,20,0,30,2,28,111,140,1
12070,800,20,0,20,2,28,111,140,1
12080,800,20,0,10,2,28,111,140,1
12090,800,20,0,0,2,28,111,140,1
12100,800,20,0,0,2,28,111,140,1
12110,806,19,3,0,2,28,111,140,1
12120,818,18,6,0,2,28,111,140,1
12130,836,17,9,0,2,28,111,140,1
12140,860,16,12,0,2,28,111,140,1
12150,890,15,15,0,2,28,111,140,1
12160,926,14,18,0,2,29,111,140,1
12170,968,13,21,0,2,29,111,140,1
12180,1016,12,24,0,2,30,111,140,1
12190,1070,11,27,0,2,30,111,140,1
12200,1130,11,30,0,2,31,111,140,1
12210,1196,11,33,0,2,31,111,140,1
12220,1268,12,36,0,2,32,111,140,1
12230,1346,13,39,0,2,33,111,140,1
12240,1430,14,42,0,2,34,111,140,1
12250,1520,15,45,0,2,35,111,140,1
12260,1616,16,48,0,2,36,111,140,1
12270,1718,17,51,0,2,37,111,140,1
12280,1826,18,54,0,2,38,111,140,1
12290,1940,19,57,0,2,39,111,140,1
12300,2060,20,60,0,2,40,111,140,1
12310,2186,21,63,0,2,41,111,140,1
12320,2318,22,66,0,2,43,111,140,1
12330,2456,23,69,0,2,44,111,140,1
12340,2600,24,72,0,3,46,111,140,1
12350,2750,25,75,0,3,47,111,140,1
12360,2906,26,78,0,3,49,111,140,1
12370,3068,27,81,0,3,50,111,140,1
12380,3236,28,84,0,3,52,111,140,1
12390,3410,29,87,0,3,54,111,140,1
12400,3590,30,90,0,3,55,111,140,1
12410,3776,31,93,0,3,57,111,140,1
12420,3968,32,96,0,3,59,111,140,1
12430,4166,33,99,0,4,61,111,140,1
12440,4370,34,102,0,4,63,111,140,1
12450,4574,35,102,0,4,65,111,140,1
12460,4778,36,102,0,4,67,111,140,1
12470,4982,37,102,0,4,69,111,140,1
12480,5186,38,102,0,4,71,111,140,1
12490,5390,39,102,0,4,73,111,140,1
12500,5594,40,102,0,5,75,111,140,1
12510,5798,41,102,0,5,77,111,140,1
12520,6002,42,102,0,5,80,111,140,1
12530,6206,43,102,0,5,82,111,140,1
12540,6410,44,102,0,5,84,111,140,1
12550,6614,45,102,0,5,86,111,140,1
12560,6818,46,102,0,5,88,111,140,1
12570,7000,47,102,0,5,90,111,140,1
12580,7000,48,102,0,5,90,111,140,1
12590,7000,49,102,0,5,90,111,140,1
12600,7000,50,102,0,5,90,111,140,1
12610,7000,51,102,0,5,90,111,140,1
12620,7000,52,102,0,5,90,111,140,1
12630,7000,53,102,0,5,90,111,140,1
12640,7000,54,102,0,5,90,111,140,1
12650,7000,55,102,0,5,90,111,140,1
12660,7000,56,102,0,5,90,111,140,1
12670,7000,57,102,0,5,90,111,140,1
12680,7000,58,102,0,5,90,111,140,1
12690,7000,59,102,0,5,90,111,140,1
12700,7000,60,102,0,5,90,111,140,1
12710,7000,61,102,0,5,90,111,140,1
12720,7000,62,102,0,5,90,111,140,1
12730,7000,63,102,0,5,90,111,140,1
12740,7000,64,102,0,5,90,111,140,1
12750,7000,65,102,0,5,90,111,140,1
12760,7000,66,102,0,5,90,111,140,1
12770,7000,67,102,0,5,90,111,140,1
12780,7000,68,102,0,5,90,111,140,1
12790,7000,69,102,0,5,90,111,140,1
12800,7000,70,102,0,5,90,111,140,1
12810,7000,70,102,0,5,90,111,140,1
12820,7000,70,102,0,5,90,111,140,1
12830,7000,70,102,0,5,90,111,140,1
12840,7000,70,102,0,5,90,111,140,1
12850,7000,70,102,0,5,90,111,140,1
12860,7000,70,102,0,5,90,111,140,1
12870,7000,70,102,0,5,90,111,140,1
12880,7000,70,102,0,5,90,111,140,1
12890,7000,70,102,0,5,90,111,140,1
12900,7000,70,102,0,5,90,111,140,1
12910,7000,70,102,0,5,90,111,140,1
12920,7000,70,102,0,5,90,111,140,1
12930,7000,70,102,0,5,90,111,140,1
12940,7000,70,102,0,5,90,111,140,1
12950,7000,70,102,0,5,90,111,140,1
12960,7000,70,102,0,5,90,111,140,1
12970,7000,70,102,0,5,90,111,140,1
12980,7000,70,102,0,5,90,111,140,1
12990,7000,70,102,0,5,90,111,140,1
13000,7000,63,97,20,5,90,111,140,1
13010,7000,51,92,40,5,90,111,140,1
13020,7000,36,87,60,5,90,111,140,1
13030,7000,22,82,80,5,90,111,140,1
13040,7000,20,77,100,5,90,111,140,1
13050,7000,20,72,100,5,90,111,140,1
13060,7000,20,67,100,5,90,111,140,1
13070,7000,20,62,100,5,90,111,140,1
13080,7000,20,57,100,5,90,111,140,1
13090,7000,20,52,100,5,90,111,140,1
13100,7000,20,47,100,5,90,111,140,1
13110,7000,20,42,100,5,90,111,140,1
13120,7000,20,37,100,5,90,111,140,1
13130,7000,20,32,100,5,90,111,140,1
13140,7000,20,27,100,5,90,111,140,1
13150,7000,20,22,100,5,90,111,140,1
13160,7000,20,17,100,5,90,111,140,1
13170,7000,20,12,100,5,90,111,140,1
13180,7000,20,7,100,5,90,111,140,1
13190,7000,20,2,100,5,90,111,140,1
13200,7000,20,100,100,5,90,111,140,1
13210,7000,20,95,100,5,90,111,140,1
13220,7000,20,90,100,5,90,111,140,1
13230,7000,20,85,100,5,90,111,140,1
13240,7000,20,80,100,5,90,111,140,1
13250,7000,20,75,100,5,90,111,140,1
13260,7000,20,70,100,5,90,111,140,1
13270,7000,20,65,100,5,90,111,140,1
13280,7000,20,60,100,5,90,111,140,1
13290,7000,20,55,100,5,90,111,140,1
13300,7000,20,50,100,5,90,111,140,1
13310,7000,20,45,100,5,90,111,140,1
13320,7000,20,40,100,5,90,111,140,1
13330,7000,20,35,100,5,90,111,140,1
13340,7000,20,30,100,5,90,111,140,1
13350,7000,20,25,100,5,90,111,140,1
13360,7000,20,20,100,5,90,111,140,1
13370,7000,20,15,100,5,90,111,140,1
13380,7000,20,10,100,5,90,111,140,1
13390,7000,20,5,100,5,90,111,140,1
13400,6900,20,0,100,5,89,111,140,1
13410,6800,20,0,100,5,88,111,140,1
13420,6700,20,0,100,5,87,111,140,1
13430,6600,20,0,100,5,86,111,140,1
13440,6500,20,0,100,5,85,111,140,1
13450,6400,20,0,100,5,84,111,140,1
13460,6300,20,0,100,5,83,111,140,1
13470,6200,20,0,100,5,82,111,140,1
13480,6100,20,0,100,5,81,111,140,1
13490,6000,20,0,100,5,80,111,140,1
13500,5900,20,0,100,5,79,111,140,1
13510,5800,20,0,100,5,78,111,140,1
13520,5700,20,0,100,5,77,111,140,1
13530,5600,20,0,100,5,76,111,140,1
13540,5500,20,0,100,5,75,111,140,1
13550,5400,20,0,100,4,74,111,140,1
13560,5300,20,0,100,4,73,111,140,1
13570,5200,20,0,100,4,72,111,140,1
13580,5100,20,0,100,4,71,111,140,1
13590,5000,20,0,100,4,70,111,140,1
13600,4900,20,0,100,4,69,111,140,1
13610,4800,20,0,100,4,68,111,140,1
13620,4700,20,0,100,4,67,111,140,1
13630,4600,20,0,100,4,66,111,140,1
13640,4500,20,0,100,4,65,111,140,1
13650,4400,20,0,100,4,64,111,140,1
13660,4300,20,0,100,4,63,111,140,1
13670,4200,20,0,100,4,62,111,140,1
13680,4100,20,0,100,4,61,111,140,1
13690,4000,20,0,100,4,60,111,140,1
13700,3900,20,0,100,3,59,111,140,1
13710,3800,20,0,100,3,58,111,140,1
13720,3700,20,0,100,3,57,111,140,1
13730,3600,20,0,100,3,56,111,140,1
13740,3500,20,0,100,3,55,111,140,1
13750,3400,20,0,100,3,54,111,140,1
13760,3300,20,0,100,3,53,111,140,1
13770,3200,20,0,100,3,52,111,140,1
13780,3100,20,0,100,3,51,111,140,1
13790,3000,20,0,100,3,50,111,140,1
13800,2900,20,0,100,3,49,111,140,1
13810,2800,20,0,100,3,48,111,140,1
13820,2700,20,0,100,3,47,111,140,1
13830,2600,20,0,100,3,46,111,140,1
13840,2500,20,0,100,3,45,111,140,1
13850,2400,20,0,100,2,44,111,140,1
13860,2300,20,0,100,2,43,111,140,1
13870,2200,20,0,100,2,42,111,140,1
13880,2100,20,0,100,2,41,111,140,1
13890,2000,20,0,100,2,40,111,140,1
13900,1900,20,0,100,2,39,111,140,1
13910,1800,20,0,100,2,38,111,140,1
13920,1700,20,0,100,2,37,111,140,1
13930,1600,20,0,100,2,36,111,140,1
13940,1500,20,0,100,2,35,111,140,1
13950,1400,20,0,100,2,34,111,140,1
13960,1300,20,0,100,2,33,111,140,1
13970,1200,20,0,100,2,32,111,140,1
13980,1100,20,0,100,2,31,111,140,1
13990,1000,20,0,100,2,30,111,140,1
14000,900,20,0,90,2,29,111,140,1
14010,800,20,0,80,2,28,111,140,1
14020,800,20,0,70,2,28,111,140,1
14030,800,20,0,60,2,28,111,140,1
14040,800,20,0,50,2,28,111,140,1
14050,800,20,0,40,2,28,111,140,1
14060,800,20,0,30,2,28,111,140,1
14070,800,20,0,20,2,28,111,140,1
14080,800,20,0,10,2,28,111,140,1
14090,800,20,0,0,2,28,111,140,1
14100,800,20,0,0,2,28,111,140,1
14110,806,19,3,0,2,28,111,140,1
14120,818,18,6,0,2,28,111,140,1
14130,836,17,9,0,2,28,111,140,1
14140,860,16,12,0,2,28,111,140,1
14150,890,15,15,0,2,28,111,140,1
14160,926,14,18,0,2,29,111,140,1
14170,968,13,21,0,2,29,111,140,1
14180,1016,12,24,0,2,30,111,140,1
14190,1070,11,27,0,2,30,111,140,1
14200,1130,11,30,0,2,31,111,140,1
14210,1196,11,33,0,2,31,111,140,1
14220,1268,12,36,0,2,32,111,140,1
14230,1346,13,39,0,2,33,111,140,1
14240,1430,14,42,0,2,34,111,140,1
14250,1520,15,45,0,2,35,111,140,1
14260,1616,16,48,0,2,36,111,140,1
14270,1718,17,51,0,2,37,111,140,1
14280,1826,18,54,0,2,38,111,140,1
14290,1940,19,57,0,2,39,111,140,1
14300,2060,20,60,0,2,40,111,140,1
14310,2186,21,63,0,2,41,111,140,1
14320,2318,22,66,0,2,43,111,140,1
14330,2456,23,69,0,2,44,111,140,1
14340,2600,24,72,0,3,46,111,140,1
14350,2750,25,75,0,3,47,111,140,1
14360,2906,26,78,0,3,49,111,140,1
14370,3068,27,81,0,3,50,111,140,1
14380,3236,28,84,0,3,52,111,140,1
14390,3410,29,87,0,3,54,111,140,1
14400,3590,30,90,0,3,55,111,140,1
14410,3776,31,93,0,3,57,111,140,1
14420,3968,32,96,0,3,59,111,140,1
14430,4166,33,99,0,4,61,111,140,1
14440,4370,34,102,0,4,63,111,140,1
14450,4574,35,102,0,4,65,111,140,1
14460,4778,36,102,0,4,67,111,140,1
14470,4982,37,102,0,4,69,111,140,1
14480,5186,38,102,0,4,71,111,140,1
14490,5390,39,102,0,4,73,111,140,1
14500,5594,40,102,0,5,75,111,140,1
14510,5798,41,102,0,5,77,111,140,1
14520,6002,42,102,0,5,80,111,140,1
14530,6206,43,102,0,5,82,111,140,1
14540,6410,44,102,0,5,84,111,140,1
14550,6614,45,102,0,5,86,111,140,1
14560,6818,46,102,0,5,88,111,140,1
14570,7000,47,102,0,5,90,111,140,1
14580,7000,48,102,0,5,90,111,140,1
14590,7000,49,102,0,5,90,111,140,1
14600,7000,50,102,0,5,90,111,140,1
14610,7000,51,102,0,5,90,111,140,1
14620,7000,52,102,0,5,90,111,140,1
14630,7000,53,102,0,5,90,111,140,1
14640,7000,54,102,0,5,90,111,140,1
14650,7000,55,102,0,5,90,111,140,1
14660,7000,56,102,0,5,90,111,140,1
14670,7000,57,102,0,5,90,111,140,1
14680,7000,58,102,0,5,90,111,140,1
14690,7000,59,102,0,5,90,111,140,1
14700,7000,60,102,0,5,90,111,140,1
14710,7000,61,102,0,5,90,111,140,1
14720,7000,62,102,0,5,90,111,140,1
14730,7000,63,102,0,5,90,111,140,1
14740,7000,64,102,0,5,90,111,140,1
14750,7000,65,102,0,5,90,111,140,1
14760,7000,66,102,0,5,90,111,140,1
14770,7000,67,102,0,5,90,111,140,1
14780,7000,68,102,0,5,90,111,140,1
14790,7000,69,102,0,5,90,111,140,1
14800,7000,70,102,0,5,90,111,140,1
14810,7000,70,102,0,5,90,111,140,1
14820,7000,70,102,0,5,90,111,140,1
14830,7000,70,102,0,5,90,111,140,1
14840,7000,70,102,0,5,90,111,140,1
14850,7000,70,102,0,5,90,111,140,1
14860,7000,70,102,0,5,90,111,140,1
14870,7000,70,102,0,5,90,111,140,1
14880,7000,70,102,0,5,90,111,140,1
14890,7000,70,102,0,5,90,111,140,1
14900,7000,70,102,0,5,90,111,140,1
14910,7000,70,102,0,5,90,111,140,1
14920,7000,70,102,0,5,90,111,140,1
14930,7000,70,102,0,5,90,111,140,1
14940,7000,70,102,0,5,90,111,140,1
14950,7000,70,102,0,5,90,111,140,1
14960,7000,70,102,0,5,90,111,140,1
14970,7000,70,102,0,5,90,111,140,1
14980,7000,70,102,0,5,90,111,140,1
14990,7000,70,102,0,5,90,111,140,1
15000,7000,63,97,20,5,90,111,140,1
15010,7000,51,92,40,5,90,111,140,1
15020,7000,36,87,60,5,90,111,140,1
15030,7000,22,82,80,5,90,111,140,1
15040,7000,20,77,100,5,90,111,140,1
15050,7000,20,72,100,5,90,111,140,1
15060,7000,20,67,100,5,90,111,140,1
15070,7000,20,62,100,5,90,111,140,1
15080,7000,20,57,100,5,90,111,140,1
15090,7000,20,52,100,5,90,111,140,1
15100,7000,20,47,100,5,90,111,140,1
15110,7000,20,42,100,5,90,111,140,1
15120,7000,20,37,100,5,90,111,140,1
15130,7000,20,32,100,5,90,111,140,1
15140,7000,20,27,100,5,90,111,140,1
15150,7000,20,22,100,5,90,111,140,1
15160,7000,20,17,100,5,90,111,140,1
15170,7000,20,12,100,5,90,111,140,1
15180,7000,20,7,100,5,90,111,140,1
15190,7000,20,2,100,5,90,111,140,1
15200,7000,20,100,100,5,90,111,140,1
15210,7000,20,95,100,5,90,111,140,1
15220,7000,20,90,100,5,90,111,140,1
15230,7000,20,85,100,5,90,111,140,1
15240,7000,20,80,100,5,90,111,140,1
15250,7000,20,75,100,5,90,111,140,1
15260,7000,20,70,100,5,90,111,140,1
15270,7000,20,65,100,5,90,111,140,1
15280,7000,20,60,100,5,90,111,140,1
15290,7000,20,55,100,5,90,111,140,1
15300,7000,20,50,100,5,90,111,140,1
15310,7000,20,45,100,5,90,111,140,1
15320,7000,20,40,100,5,90,111,140,1
15330,7000,20,35,100,5,90,111,140,1
15340,7000,20,30,100,5,90,111,140,1
15350,7000,20,25,100,5,90,111,140,1
15360,7000,20,20,100,5,90,111,140,1
15370,7000,20,15,100,5,90,111,140,1
15380,7000,20,10,100,5,90,111,140,1
15390,7000,20,5,100,5,90,111,140,1
15400,6900,20,0,100,5,89,111,140,1
15410,6800,20,0,100,5,88,111,140,1
15420,6700,20,0,100,5,87,111,140,1
15430,6600,20,0,100,5,86,111,140,1
15440,6500,20,0,100,5,85,111,140,1
15450,6400,20,0,100,5,84,111,140,1
15460,6300,20,0,100,5,83,111,140,1
15470,6200,20,0,100,5,82,111,140,1
15480,6100,20,0,100,5,81,111,140,1
15490,6000,20,0,100,5,80,111,140,1
15500,5900,20,0,100,5,79,111,140,1
15510,5800,20,0,100,5,78,111,140,1
15520,5700,20,0,100,5,77,111,140,1
15530,5600,20,0,100,5,76,111,140,1
15540,5500,20,0,100,5,75,111,140,1
15550,5400,20,0,100,4,74,111,140,1
15560,5300,20,0,100,4,73,111,140,1
15570,5200,20,0,100,4,72,111,140,1
15580,5100,20,0,100,4,71,111,140,1
15590,5000,20,0,100,4,70,111,140,1
15600,4900,20,0,100,4,69,111,140,1
15610,4800,20,0,100,4,68,111,140,1
15620,4700,20,0,100,4,67,111,140,1
15630,4600,20,0,100,4,66,111,140,1
15640,4500,20,0,100,4,65,111,140,1
15650,4400,20,0,100,4,64,111,140,1
15660,4300,20,0,100,4,63,111,140,1
15670,4200,20,0,100,4,62,111,140,1
15680,4100,20,0,100,4,61,111,140,1
15690,4000,20,0,100,4,60,111,140,1
15700,3900,20,0,100,3,59,111,140,1
15710,3800,20,0,100,3,58,111,140,1
15720,3700,20,0,100,3,57,111,140,1
15730,3600,20,0,100,3,56,111,140,1
15740,3500,20,0,100,3,55,111,140,1
15750,3400,20,0,100,3,54,111,140,1
15760,3300,20,0,100,3,53,111,140,1
15770,3200,20,0,100,3,52,111,140,1
15780,3100,20,0,100,3,51,111,140,1
15790,3000,20,0,100,3,50,111,140,1
15800,2900,20,0,100,3,49,111,140,1
15810,2800,20,0,100,3,48,111,140,1
15820,2700,20,0,100,3,47,111,140,1
15830,2600,20,0,100,3,46,111,140,1
15840,2500,20,0,100,3,45,111,140,1
15850,2400,20,0,100,2,44,111,140,1
15860,2300,20,0,100,2,43,111,140,1
15870,2200,20,0,100,2,42,111,140,1
15880,2100,20,0,100,2,41,111,140,1
15890,2000,20,0,100,2,40,111,140,1
15900,1900,20,0,100,2,39,111,140,1
15910,1800,20,0,100,2,38,111,140,1
15920,1700,20,0,100,2,37,111,140,1
15930,1600,20,0,100,2,36,111,140,1
15940,1500,20,0,100,2,35,111,140,1
15950,1400,20,0,100,2,34,111,140,1
15960,1300,20,0,100,2,33,111,140,1
15970,1200,20,0,100,2,32,111,140,1
15980,1100,20,0,100,2,31,111,140,1
15990,1000,20,0,100,2,30,111,140,1
16000,900,20,0,90,2,29,111,140,1
16010,800,20,0,80,2,28,111,140,1
16020,800,20,0,70,2,28,111,140,1
16030,800,20,0,60,2,28,111,140,1
16040,800,20,0,50,2,28,111,140,1
16050,800,20,0,40,2,28,111,140,1
16060,800,20,0,30,2,28,111,140,1
16070,800,20,0,20,2,28,111,140,1
16080,800,20,0,10,2,28,111,140,1
16090,800,20,0,0,2,28,111,140,1
16100,800,20,0,0,2,28,111,140,1
16110,806,19,3,0,2,28,111,140,1
16120,818,18,6,0,2,28,111,140,1
16130,836,17,9,0,2,28,111,140,1
16140,860,16,12,0,2,28,111,140,1
16150,890,15,15,0,2,28,111,140,1
16160,926,14,18,0,2,29,111,140,1
16170,968,13,21,0,2,29,111,140,1
16180,1016,12,24,0,2,30,111,140,1
16190,1070,11,27,0,2,30,111,140,1
16200,1130,11,30,0,2,31,111,140,1
16210,1196,11,33,0,2,31,111,140,1
16220,1268,12,36,0,2,32,111,140,1
16230,1346,13,39,0,2,33,111,140,1
16240,1430,14,42,0,2,34,111,140,1
16250,1520,15,45,0,2,35,111,140,1
16260,1616,16,48,0,2,36,111,140,1
16270,1718,17,51,0,2,37,111,140,1
16280,1826,18,54,0,2,38,111,140,1
16290,1940,19,57,0,2,39,111,140,1
16300,2060,20,60,0,2,40,111,140,1
16310,2186,21,63,0,2,41,111,140,1
16320,2318,22,66,0,2,43,111,140,1
16330,2456,23,69,0,2,44,111,140,1
16340,2600,24,72,0,3,46,111,140,1
16350,2750,25,75,0,3,47,111,140,1
16360,2906,26,78,0,3,49,111,140,1
16370,3068,27,81,0,3,50,111,140,1
16380,3236,28,84,0,3,52,111,140,1
16390,3410,29,87,0,3,54,111,140,1
16400,3590,30,90,0,3,55,111,140,1
16410,3776,31,93,0,3,57,111,140,1
16420,3968,32,96,0,3,59,111,140,1
16430,4166,33,99,0,4,61,111,140,1
16440,4370,34,102,0,4,63,111,140,1
16450,4574,35,102,0,4,65,111,140,1
16460,4778,36,102,0,4,67,111,140,1
16470,4982,37,102,0,4,69,111,140,1
16480,5186,38,102,0,4,71,111,140,1
16490,5390,39,102,0,4,73,111,140,1
16500,5594,40,102,0,5,75,111,140,1
16510,5798,41,102,0,5,77,111,140,1
16520,6002,42,102,0,5,80,111,140,1
16530,6206,43,102,0,5,82,111,140,1
16540,6410,44,102,0,5,84,111,140,1
16550,6614,45,102,0,5,86,111,140,1
16560,6818,46,102,0,5,88,111,140,1
16570,7000,47,102,0,5,90,111,140,1
16580,7000,48,102,0,5,90,111,140,1
16590,7000,49,102,0,5,90,111,140,1
16600,7000,50,102,0,5,90,111,140,1
16610,7000,51,102,0,5,90,111,140,1
16620,7000,52,102,0,5,90,111,140,1
16630,7000,53,102,0,5,90,111,140,1
16640,7000,54,102,0,5,90,111,140,1
16650,7000,55,102,0,5,90,111,140,1
16660,7000,56,102,0,5,90,111,140,1
16670,7000,57,102,0,5,90,111,140,1
16680,7000,58,102,0,5,90,111,140,1
16690,7000,59,102,0,5,90,111,140,1
16700,7000,60,102,0,5,90,111,140,1
16710,7000,61,102,0,5,90,111,140,1
16720,7000,62,102,0,5,90,111,140,1
16730,7000,63,102,0,5,90,111,140,1
16740,7000,64,102,0,5,90,111,140,1
16750,7000,65,102,0,5,90,111,140,1
16760,7000,66,102,0,5,90,111,140,1
16770,7000,67,102,0,5,90,111,140,1
16780,7000,68,102,0,5,90,111,140,1
16790,7000,69,102,0,5,90,111,140,1
16800,7000,70,102,0,5,90,111,140,1
16810,7000,70,102,0,5,90,111,140,1
16820,7000,70,102,0,5,90,111,140,1
16830,7000,70,102,0,5,90,111,140,1
16840,7000,70,102,0,5,90,111,140,1
16850,7000,70,102,0,5,90,111,140,1
16860,7000,70,102,0,5,90,111,140,1
16870,7000,70,102,0,5,90,111,140,1
16880,7000,70,102,0,5,90,111,140,1
16890,7000,70,102,0,5,90,111,140,1
16900,7000,70,102,0,5,90,111,140,1
16910,7000,70,102,0,5,90,111,140,1
16920,7000,70,102,0,5,90,111,140,1
16930,7000,70,102,0,5,90,111,140,1
16940,7000,70,102,0,5,90,111,140,1
16950,7000,70,102,0,5,90,111,140,1
16960,7000,70,102,0,5,90,111,140,1
16970,7000,70,102,0,5,90,111,140,1
16980,7000,70,102,0,5,90,111,140,1
16990,7000,70,102,0,5,90,111,140,1
17000,7000,63,97,20,5,90,111,140,1
17010,7000,51,92,40,5,90,111,140,1
17020,7000,36,87,60,5,90,111,140,1
17030,7000,22,82,80,5,90,111,140,1
17040,7000,20,77,100,5,90,111,140,1
17050,7000,20,72,100,5,90,111,140,1
17060,7000,20,67,100,5,90,111,140,1
17070,7000,20,62,100,5,90,111,140,1
17080,7000,20,57,100,5,90,111,140,1
17090,7000,20,52,100,5,90,111,140,1
17100,7000,20,47,100,5,90,111,140,1
17110,7000,20,42,100,5,90,111,140,1
17120,7000,20,37,100,5,90,111,140,1
17130,7000,20,32,100,5,90,111,140,1
17140,7000,20,27,100,5,90,111,140,1
17150,7000,20,22,100,5,90,111,140,1
17160,7000,20,17,100,5,90,111,140,1
17170,7000,20,12,100,5,90,111,140,1
17180,7000,20,7,100,5,90,111,140,1
17190,7000,20,2,100,5,90,111,140,1
17200,7000,20,100,100,5,90,111,140,1
17210,7000,20,95,100,5,90,111,140,1
17220,7000,20,90,100,5,90,111,140,1
17230,7000,20,85,100,5,90,111,140,1
17240,7000,20,80,100,5,90,111,140,1
17250,7000,20,75,100,5,90,111,140,1
17260,7000,20,70,100,5,90,111,140,1
17270,7000,20,65,100,5,90,111,140,1
17280,7000,20,60,100,5,90,111,140,1
17290,7000,20,55,100,5,90,111,140,1
17300,7000,20,50,100,5,90,111,140,1
17310,7000,20,45,100,5,90,111,140,1
17320,7000,20,40,100,5,90,111,140,1
17330,7000,20,35,100,5,90,111,140,1
17340,7000,20,30,100,5,90,111,140,1
17350,7000,20,25,100,5,90,111,140,1
17360,7000,20,20,100,5,90,111,140,1
17370,7000,20,15,100,5,90,111,140,1
17380,7000,20,10,100,5,90,111,140,1
17390,7000,20,5,100,5,90,111,140,1
17400,6900,20,0,100,5,89,111,140,1
17410,6800,20,0,100,5,88,111,140,1
17420,6700,20,0,100,5,87,111,140,1
17430,6600,20,0,100,5,86,111,140,1
17440,6500,20,0,100,5,85,111,140,1
17450,6400,20,0,100,5,84,111,140,1
17460,6300,20,0,100,5,83,111,140,1
17470,6200,20,0,100,5,82,111,140,1
17480,6100,20,0,100,5,81,111,140,1
17490,6000,20,0,100,5,80,111,140,1
17500,5900,20,0,100,5,79,111,140,1
17510,5800,20,0,100,5,78,111,140,1
17520,5700,20,0,100,5,77,111,140,1
17530,5600,20,0,100,5,76,111,140,1
17540,5500,20,0,100,5,75,111,140,1
17550,5400,20,0,100,4,74,111,140,1
17560,5300,20,0,100,4,73,111,140,1
17570,5200,20,0,100,4,72,111,140,1
17580,5100,20,0,100,4,71,111,140,1
17590,5000,20,0,100,4,70,111,140,1
17600,4900,20,0,100,4,69,111,140,1
17610,4800,20,0,100,4,68,111,140,1
17620,4700,20,0,100,4,67,111,140,1
17630,4600,20,0,100,4,66,111,140,1
17640,4500,20,0,100,4,65,111,140,1
17650,4400,20,0,100,4,64,111,140,1
17660,4300,20,0,100,4,63,111,140,1
17670,4200,20,0,100,4,62,111,140,1
17680,4100,20,0,100,4,61,111,140,1
17690,4000,20,0,100,4,60,111,140,1
17700,3900,20,0,100,3,59,111,140,1
17710,3800,20,0,100,3,58,111,140,1
17720,3700,20,0,100,3,57,111,140,1
17730,3600,20,0,100,3,56,111,140,1
17740,3500,20,0,100,3,55,111,140,1
17750,3400,20,0,100,3,54,111,140,1
17760,3300,20,0,100,3,53,111,140,1
17770,3200,20,0,100,3,52,111,140,1
17780,3100,20,0,100,3,51,111,140,1
17790,3000,20,0,100,3,50,111,140,1
17800,2900,20,0,100,3,49,111,140,1
17810,2800,20,0,100,3,48,111,140,1
17820,2700,20,0,100,3,47,111,140,1
17830,2600,20,0,100,3,46,111,140,1
17840,2500,20,0,100,3,45,111,140,1
17850,2400,20,0,100,2,44,111,140,1
17860,2300,20,0,100,2,43,111,140,1
17870,2200,20,0,100,2,42,111,140,1
17880,2100,20,0,100,2,41,111,140,1
17890,2000,20,0,100,2,40,111,140,1
17900,1900,20,0,100,2,39,111,140,1
17910,1800,20,0,100,2,38,111,140,1
17920,1700,20,0,100,2,37,111,140,1
17930,1600,20,0,100,2,36,111,140,1
17940,1500,20,0,100,2,35,111,140,1
17950,1400,20,0,100,2,34,111,140,1
17960,1300,20,0,100,2,33,111,140,1
17970,1200,20,0,100,2,32,111,140,1
17980,1100,20,0,100,2,31,111,140,1
17990,1000,20,0,100,2,30,111,140,1
18000,900,20,0,90,2,29,111,140,1
18010,800,20,0,80,2,28,111,140,1
18020,800,20,0,70,2,28,111,140,1
18030,800,20,0,60,2,28,111,140,1
18040,800,20,0,50,2,28,111,140,1
18050,800,20,0,40,2,28,111,140,1
18060,800,20,0,30,2,28,111,140,1
18070,800,20,0,20,2,28,111,140,1
18080,800,20,0,10,2,28,111,140,1
18090,800,20,0,0,2,28,111,140,1
18100,800,20,0,0,2,28,111,140,1
18110,806,19,3,0,2,28,111,140,1
18120,818,18,6,0,2,28,111,140,1
18130,836,17,9,0,2,28,111,140,1
18140,860,16,12,0,2,28,111,140,1
18150,890,15,15,0,2,28,111,140,1
18160,926,14,18,0,2,29,111,140,1
18170,968,13,21,0,2,29,111,140,1
18180,1016,12,24,0,2,30,111,140,1
18190,1070,11,27,0,2,30,111,140,1
18200,1130,11,30,0,2,31,111,140,1
18210,1196,11,33,0,2,31,111,140,1
18220,1268,12,36,0,2,32,111,140,1
18230,1346,13,39,0,2,33,111,140,1
18240,1430,14,42,0,2,34,111,140,1
18250,1520,15,45,0,2,35,111,140,1
18260,1616,16,48,0,2,36,111,140,1
18270,1718,17,51,0,2,37,111,140,1
18280,1826,18,54,0,2,38,111,140,1
18290,1940,19,57,0,2,39,111,140,1
18300,2060,20,60,0,2,40,111,140,1
18310,2186,21,63,0,2,41,111,140,1
18320,2318,22,66,0,2,43,111,140,1
18330,2456,23,69,0,2,44,111,140,1
18340,2600,24,72,0,3,46,111,140,1
18350,2750,25,75,0,3,47,111,140,1
18360,2906,26,78,0,3,49,111,140,1
18370,3068,27,81,0,3,50,111,140,1
18380,3236,28,84,0,3,52,111,140,1
18390,3410,29,87,0,3,54,111,140,1
18400,3590,30,90,0,3,55,111,140,1
18410,3776,31,93,0,3,57,111,140,1
18420,3968,32,96,0,3,59,111,140,1
18430,4166,33,99,0,4,61,111,140,1
18440,4370,34,102,0,4,63,111,140,1
18450,4574,35,102,0,4,65,111,140,1
18460,4778,36,102,0,4,67,111,140,1
18470,4982,37,102,0,4,69,111,140,1
18480,5186,38,102,0,4,71,111,140,1
18490,5390,39,102,0,4,73,111,140,1
18500,5594,40,102,0,5,75,111,140,1
18510,5798,41,102,0,5,77,111,140,1
18520,6002,42,102,0,5,80,111,140,1
18530,6206,43,102,0,5,82,111,140,1
18540,6410,44,102,0,5,84,111,140,1
18550,6614,45,102,0,5,86,111,140,1
18560,6818,46,102,0,5,88,111,140,1
18570,7000,47,102,0,5,90,111,140,1
18580,7000,48,102,0,5,90,111,140,1
18590,7000,49,102,0,5,90,111,140,1
18600,7000,50,102,0,5,90,111,140,1
18610,7000,51,102,0,5,90,111,140,1
18620,7000,52,102,0,5,90,111,140,1
18630,7000,53,102,0,5,90,111,140,1
18640,7000,54,102,0,5,90,111,140,1
18650,7000,55,102,0,5,90,111,140,1
18660,7000,56,102,0,5,90,111,140,1
18670,7000,57,102,0,5,90,111,140,1
18680,7000,58,102,0,5,90,111,140,1
18690,7000,59,102,0,5,90,111,140,1
18700,7000,60,102,0,5,90,111,140,1
18710,7000,61,102,0,5,90,111,140,1
18720,7000,62,102,0,5,90,111,140,1
18730,7000,63,102,0,5,90,111,140,1
18740,7000,64,102,0,5,90,111,140,1
18750,7000,65,102,0,5,90,111,140,1
18760,7000,66,102,0,5,90,111,140,1
18770,7000,67,102,0,5,90,111,140,1
18780,7000,68,102,0,5,90,111,140,1
18790,7000,69,102,0,5,90,111,140,1
18800,7000,70,102,0,5,90,111,140,1
18810,7000,70,102,0,5,90,111,140,1
18820,7000,70,102,0,5,90,111,140,1
18830,7000,70,102,0,5,90,111,140,1
18840,7000,70,102,0,5,90,111,140,1
18850,7000,70,102,0,5,90,111,140,1
18860,7000,70,102,0,5,90,111,140,1
18870,7000,70,102,0,5,90,111,140,1
18880,7000,70,102,0,5,90,111,140,1
18890,7000,70,102,0,5,90,111,140,1
18900,7000,70,102,0,5,90,111,140,1
18910,7000,70,102,0,5,90,111,140,1
18920,7000,70,102,0,5,90,111,140,1
18930,7000,70,102,0,5,90,111,140,1
18940,7000,70,102,0,5,90,111,140,1
18950,7000,70,102,0,5,90,111,140,1
18960,7000,70,102,0,5,90,111,140,1
18970,7000,70,102,0,5,90,111,140,1
18980,7000,70,102,0,5,90,111,140,1
18990,7000,70,102,0,5,90,111,140,1
19000,7000,63,97,20,5,90,111,140,1
19010,7000,51,92,40,5,90,111,140,1
19020,7000,36,87,60,5,90,111,140,1
19030,7000,22,82,80,5,90,111,140,1
19040,7000,20,77,100,5,90,111,140,1
19050,7000,20,72,100,5,90,111,140,1
19060,7000,20,67,100,5,90,111,140,1
19070,7000,20,62,100,5,90,111,140,1
19080,7000,20,57,100,5,90,111,140,1
19090,7000,20,52,100,5,90,111,140,1
19100,7000,20,47,100,5,90,111,140,1
19110,7000,20,42,100,5,90,111,140,1
19120,7000,20,37,100,5,90,111,140,1
19130,7000,20,32,100,5,90,111,140,1
19140,7000,20,27,100,5,90,111,140,1
19150,7000,20,22,100,5,90,111,140,1
19160,7000,20,17,100,5,90,111,140,1
19170,7000,20,12,100,5,90,111,140,1
19180,7000,20,7,100,5,90,111,140,1
19190,7000,20,2,100,5,90,111,140,1
19200,7000,20,100,100,5,90,111,140,1
19210,7000,20,95,100,5,90,111,140,1
19220,7000,20,90,100,5,90,111,140,1
19230,7000,20,85,100,5,90,111,140,1
19240,7000,20,80,100,5,90,111,140,1
19250,7000,20,75,100,5,90,111,140,1
19260,7000,20,70,100,5,90,111,140,1
19270,7000,20,65,100,5,90,111,140,1
19280,7000,20,60,100,5,90,111,140,1
19290,7000,20,55,100,5,90,111,140,1
19300,7000,20,50,100,5,90,111,140,1
19310,7000,20,45,100,5,90,111,140,1
19320,7000,20,40,100,5,90,111,140,1
19330,7000,20,35,100,5,90,111,140,1
19340,7000,20,30,100,5,90,111,140,1
19350,7000,20,25,100,5,90,111,140,1
19360,7000,20,20,100,5,90,111,140,1
19370,7000,20,15,100,5,90,111,140,1
19380,7000,20,10,100,5,90,111,140,1
19390,7000,20,5,100,5,90,111,140,1
19400,6900,20,0,100,5,89,111,140,1
19410,6800,20,0,100,5,88,111,140,1
19420,6700,20,0,100,5,87,111,140,1
19430,6600,20,0,100,5,86,111,140,1
19440,6500,20,0,100,5,85,111,140,1
19450,6400,20,0,100,5,84,111,140,1
19460,6300,20,0,100,5,83,111,140,1
19470,6200,20,0,100,5,82,111,140,1
19480,6100,20,0,100,5,81,111,140,1
19490,6000,20,0,100,5,80,111,140,1
19500,5900,20,0,100,5,79,111,140,1
19510,5800,20,0,100,5,78,111,140,1
19520,5700,20,0,100,5,77,111,140,1
19530,5600,20,0,100,5,76,111,140,1
19540,5500,20,0,100,5,75,111,140,1
19550,5400,20,0,100,4,74,111,140,1
19560,5300,20,0,100,4,73,111,140,1
19570,5200,20,0,100,4,72,111,140,1
19580,5100,20,0,100,4,71,111,140,1
19590,5000,20,0,100,4,70,111,140,1
19600,4900,20,0,100,4,69,111,140,1
19610,4800,20,0,100,4,68,111,140,1
19620,4700,20,0,100,4,67,111,140,1
19630,4600,20,0,100,4,66,111,140,1
19640,4500,20,0,100,4,65,111,140,1
19650,4400,20,0,100,4,64,111,140,1
19660,4300,20,0,100,4,63,111,140,1
19670,4200,20,0,100,4,62,111,140,1
19680,4100,20,0,100,4,61,111,140,1
19690,4000,20,0,100,4,60,111,140,1
19700,3900,20,0,100,3,59,111,140,1
19710,3800,20,0,100,3,58,111,140,1
19720,3700,20,0,100,3,57,111,140,1
19730,3600,20,0,100,3,56,111,140,1
19740,3500,20,0,100,3,55,111,140,1
19750,3400,20,0,100,3,54,111,140,1
19760,3300,20,0,100,3,53,111,140,1
19770,3200,20,0,100,3,52,111,140,1
19780,3100,20,0,100,3,51,111,140,1
19790,3000,20,0,100,3,50,111,140,1
19800,2900,20,0,100,3,49,111,140,1
19810,2800,20,0,100,3,48,111,140,1
19820,2700,20,0,100,3,47,111,140,1
19830,2600,20,0,100,3,46,111,140,1
19840,2500,20,0,100,3,45,111,140,1
19850,2400,20,0,100,2,44,111,140,1
19860,2300,20,0,100,2,43,111,140,1
19870,2200,20,0,100,2,42,111,140,1
19880,2100,20,0,100,2,41,111,140,1
19890,2000,20,0,100,2,40,111,140,1
19900,1900,20,0,100,2,39,111,140,1
19910,1800,20,0,100,2,38,111,140,1
19920,1700,20,0,100,2,37,111,140,1
19930,1600,20,0,100,2,36,111,140,1
19940,1500,20,0,100,2,35,111,140,1
19950,1400,20,0,100,2,34,111,140,1
19960,1300,20,0,100,2,33,111,140,1
19970,1200,20,0,100,2,32,111,140,1
19980,1100,20,0,100,2,31,111,140,1
19990,1000,20,0,100,2,30,111,140,1
20000,900,20,0,90,2,29,111,140,1
20010,800,20,0,80,2,28,111,140,1
20020,800,20,0,70,2,28,111,140,1
20030,800,20,0,60,2,28,111,140,1
20040,800,20,0,50,2,28,111,140,1
20050,800,20,0,40,2,28,111,140,1
20060,800,20,0,30,2,28,111,140,1
20070,800,20,0,20,2,28,111,140,1
20080,800,20,0,10,2,28,111,140,1
20090,800,20,0,0,2,28,111,140,1
20100,800,20,0,0,2,28,111,140,1
20110,806,19,3,0,2,28,111,140,1
20120,818,18,6,0,2,28,111,140,1
20130,836,17,9,0,2,28,111,140,1
20140,860,16,12,0,2,28,111,140,1
20150,890,15,15,0,2,28,111,140,1
20160,926,14,18,0,2,29,111,140,1
20170,968,13,21,0,2,29,111,140,1
20180,1016,12,24,0,2,30,111,140,1
20190,1070,11,27,0,2,30,111,140,1
20200,1130,11,30,0,2,31,111,140,1
20210,1196,11,33,0,2,31,111,140,1
20220,1268,12,36,0,2,32,111,140,1
20230,1346,13,39,0,2,33,111,140,1
20240,1430,14,42,0,2,34,111,140,1
20250,1520,15,45,0,2,35,111,140,1
20260,1616,16,48,0,2,36,111,140,1
20270,1718,17,51,0,2,37,111,140,1
20280,1826,18,54,0,2,38,111,140,1
20290,1940,19,57,0,2,39,111,140,1
20300,2060,20,60,0,2,40,111,140,1
20310,2186,21,63,0,2,41,111,140,1
2